SalePrice,LotFrontage,LotArea,OverallQual,GrLivArea,TotalBsmtSF,HouseStyle,CentralAir,Neighborhood
14.46712820208854,,4044,3,690,87.0,1.5Fin,N,Somerst
14.467784701034628,,2557,8,3783,46.0,,N,Edwards
14.444119217386648,,3846,1,3777,1502.0,1Story,N,OldTown
14.466686646544288,,5348,9,2444,,1.5Fin,Y,OldTown
14.32227032733513,,8980,4,3640,1542.0,2Story,Y,CollgCr
12.390263287828372,,13863,5,1237,797.0,,Y,Edwards
12.109710412511886,,7925,5,3484,203.0,1.5Fin,N,CollgCr
12.640073378891104,,5426,9,1045,505.0,1Story,N,NAmes
11.710775823381807,,5237,4,2989,210.0,SLvl,N,NAmes
12.627286423106428,,10199,7,2109,268.0,SLvl,N,Somerst
12.316154995760286,,4587,2,3620,1096.0,1.5Fin,Y,Edwards
11.554671832126427,,6757,9,1027,378.0,,Y,Somerst
12.323411137947408,,4454,1,2483,,2Story,N,OldTown
12.0105989776508,,14576,7,1179,1040.0,2Story,Y,NAmes
11.89123860541869,,4394,3,992,1202.0,1.5Fin,N,Edwards
11.120534516349336,,3207,8,1488,,1.5Fin,N,
11.904447147088444,,8563,9,1884,1624.0,1.5Fin,N,
12.520595022629784,,12534,3,3668,959.0,1.5Fin,N,Somerst
12.52392983511682,,14792,6,2331,,1.5Fin,N,Edwards
12.063529338744631,,12033,7,3221,,,Y,CollgCr
12.73721547005906,,8599,6,3485,1094.0,2Story,N,Somerst
11.680505565109147,,4222,9,1715,1888.0,1.5Fin,Y,
11.789859988875245,,10445,6,2459,,,Y,NAmes
12.753965704270614,,6088,7,2022,1119.0,1.5Fin,N,Edwards
13.061255763966216,,12704,7,577,111.0,1Story,Y,Somerst
11.227268008266776,,11836,6,1990,656.0,1Story,N,Edwards
12.685141312882967,,10087,4,3639,690.0,2Story,Y,OldTown
12.85286170211197,,4555,6,1313,,1Story,Y,NAmes
12.754130468203297,,10662,6,2812,180.0,,N,Edwards
12.70320494216416,,3819,1,1201,641.0,1.5Fin,Y,OldTown
12.66875579533014,,5947,3,808,1209.0,1.5Fin,N,OldTown
12.97991693498108,,13985,3,3946,1380.0,1Story,N,NAmes
12.872847616265686,,2628,7,1453,724.0,2Story,N,
11.307720058787032,,10244,6,540,296.0,SLvl,N,Somerst
12.638896727026433,,4765,9,1291,78.0,1Story,Y,CollgCr
12.805238762619224,,11569,7,2660,,SLvl,Y,OldTown
13.023521568733615,,11591,1,2051,1582.0,2Story,N,Somerst
13.008957249098694,,14946,1,698,585.0,,Y,Somerst
11.196994798246124,,8589,2,959,,1.5Fin,N,Edwards
11.263899843941914,,9269,7,621,1113.0,1Story,N,Edwards
11.949275356659411,,88787,9,1418,1074.0,SLvl,N,Edwards
12.946542246984516,,5173,5,3441,,2Story,N,Edwards
12.556704868952254,,6761,3,2022,,1Story,Y,Edwards
13.009416379245517,,12270,2,1641,1537.0,SLvl,Y,
12.406659701130971,,11405,2,2730,,1.5Fin,N,Edwards
11.47405988874836,,12980,1,3108,494.0,1Story,Y,CollgCr
11.613792901850166,,7842,2,2527,1620.0,2Story,Y,CollgCr
13.013030538060743,,8892,6,883,1027.0,1Story,Y,NAmes
11.41097025578045,,13190,2,3701,1917.0,1Story,Y,
13.019269180593689,,6276,6,3008,1357.0,,Y,NAmes
12.967889645401334,,10792,8,2124,1686.0,,Y,Somerst
11.687735547813649,,3936,5,2653,,2Story,N,OldTown
12.242616702710787,,5736,2,1629,1713.0,SLvl,N,Edwards
12.167409776752782,,14297,1,935,149.0,2Story,N,NAmes
12.84454714378752,,7619,4,2831,20.0,1.5Fin,N,CollgCr
12.174416846126162,,14625,7,2112,,SLvl,N,
12.479327392828838,,4745,4,3221,997.0,1.5Fin,N,Somerst
11.048824381377106,,12621,3,2214,,SLvl,N,Edwards
12.83799049022099,,12526,4,3962,1107.0,SLvl,Y,Edwards
13.12032530193875,,3363,5,1355,1583.0,1.5Fin,Y,CollgCr
12.416511837132743,,7185,6,1703,762.0,1.5Fin,Y,CollgCr
12.026108308309896,,6646,6,2464,1080.0,,N,
11.924922526677689,,8040,8,527,,1.5Fin,N,CollgCr
12.69703326005427,,7685,4,1525,,2Story,Y,Edwards
11.520288292706796,,13686,8,3996,37.0,SLvl,Y,Edwards
12.21981281556503,,3104,5,3634,940.0,1Story,N,NAmes
12.961938723966965,,13381,3,882,1929.0,1Story,N,NAmes
12.960968521781083,,4951,8,2621,1515.0,SLvl,Y,OldTown
11.870529976726893,,2989,5,1835,1036.0,1Story,Y,Edwards
13.019628301151212,,5832,4,1489,,1.5Fin,N,Edwards
13.014976365344554,,10566,1,544,59.0,SLvl,Y,
12.594517053192885,,2929,9,2899,1712.0,2Story,Y,CollgCr
12.716080935369773,,7621,6,1142,670.0,1.5Fin,Y,OldTown
11.128306557093602,,2166,5,3229,1049.0,1Story,N,Edwards
11.234652322715313,,12571,3,1152,,2Story,N,Somerst
12.744035695770144,,12485,8,1035,1284.0,1Story,N,NAmes
12.945019809836984,,9429,9,3418,1101.0,2Story,Y,NAmes
13.077439230550333,,7258,6,741,1723.0,1.5Fin,N,NAmes
12.82653084668981,,13851,1,1048,907.0,2Story,N,CollgCr
12.169797589665462,,7525,3,2636,,1Story,Y,NAmes
12.793550929554463,,11083,4,1712,,1Story,N,CollgCr
11.961750145223448,,6316,9,3901,1429.0,,N,OldTown
11.985344923748489,,12403,1,2367,969.0,,N,CollgCr
11.86919332606198,,2587,6,2761,997.0,,N,Somerst
12.93487409086641,,6173,7,3021,15.0,SLvl,Y,OldTown
12.987315406785108,,8583,2,2561,1658.0,,Y,NAmes
12.12248449352344,,10549,2,3572,1984.0,SLvl,N,Edwards
11.33810768429718,,4555,8,3503,1239.0,SLvl,Y,OldTown
12.747879360575832,,11764,3,3008,,1.5Fin,N,
12.84218640443832,,4524,9,2412,959.0,,N,CollgCr
12.565521737958257,,2785,7,2672,,1.5Fin,Y,OldTown
11.730646340116044,,7158,2,524,17.0,,N,Somerst
13.065651216919717,,9432,7,638,773.0,,N,Edwards
12.387643920933424,,5361,4,1049,681.0,SLvl,N,NAmes
12.59529996474862,,2778,8,2181,717.0,SLvl,N,Edwards
12.004458171515784,,14413,8,3844,,SLvl,N,Somerst
12.836884210107632,,13796,2,2098,812.0,SLvl,Y,Somerst
12.07422554796975,,4702,6,3801,1909.0,1.5Fin,Y,NAmes
12.5209600247691,,12430,6,2648,428.0,,Y,Somerst
11.69006696172264,,13163,6,1885,930.0,1.5Fin,N,OldTown
11.777702201700375,,5134,7,1388,,1Story,Y,NAmes
11.741860214876102,,2258,9,3941,1701.0,,Y,OldTown
11.339428853545432,,7818,8,2496,1485.0,,N,Somerst
11.50050869495514,,5374,7,1831,,1Story,Y,Edwards
12.62250406985371,,14109,4,3697,1388.0,2Story,Y,NAmes
12.01483344447865,,8707,3,3397,,2Story,Y,OldTown
12.469378773996787,,3124,6,3378,1211.0,,Y,Somerst
12.374193852922987,,7574,3,3369,1977.0,1.5Fin,N,Somerst
13.024296200573968,,11408,5,3438,703.0,,N,
11.704272832971496,,2933,7,3098,1502.0,SLvl,Y,OldTown
11.26537394804985,,12906,8,871,542.0,SLvl,N,
11.27579708013099,,8963,5,3157,746.0,SLvl,N,Somerst
11.329579383530085,,12964,1,2783,638.0,,N,OldTown
11.478665228285116,,9544,6,2756,,1Story,N,OldTown
12.927029526729386,,12487,6,2894,,2Story,Y,OldTown
12.080407376531983,,13595,6,3441,1264.0,SLvl,Y,CollgCr
12.751896619268631,,5718,1,2904,541.0,1Story,N,Edwards
12.939884208190188,,13788,8,3328,920.0,2Story,N,Edwards
12.31858850058015,,14497,4,2524,116.0,2Story,Y,Somerst
11.97854449589814,,2264,1,1519,236.0,1Story,N,NAmes
13.053270500917044,,5500,7,2011,1787.0,1.5Fin,N,Edwards
12.116607351055409,,10988,9,1905,1887.0,,Y,NAmes
12.6015816894354,,5906,1,1729,1116.0,2Story,Y,Edwards
12.452807715648548,,9661,4,3844,1615.0,1Story,N,CollgCr
11.458458719456324,,11250,2,1020,1158.0,2Story,N,Somerst
13.11991037124326,,14839,9,2563,721.0,1.5Fin,Y,CollgCr
12.963151913383852,,3991,4,2854,1370.0,SLvl,N,
12.046191410725724,,14014,7,2868,852.0,1.5Fin,N,Edwards
12.195294772358295,,2680,7,3293,,1.5Fin,Y,Somerst
12.71666624238,,12587,6,2744,,SLvl,Y,Somerst
12.744768267670102,,13580,9,3980,1172.0,2Story,Y,NAmes
12.690080875957117,,7624,4,2794,1093.0,2Story,N,CollgCr
12.996915794000971,,14132,8,1618,677.0,1.5Fin,N,
12.669186972939505,,5162,1,2659,,2Story,Y,NAmes
12.98474134379036,,6578,8,1955,,SLvl,N,Somerst
12.324251158530638,,12230,3,3659,,1.5Fin,Y,CollgCr
12.520675334532053,,14265,6,3124,1695.0,2Story,Y,Edwards
12.917673504748365,,8063,9,3153,48.0,,N,Edwards
12.25871727645109,,13531,5,2625,179.0,,Y,Edwards
12.382870642180766,,11456,5,3908,,1.5Fin,Y,Somerst
12.808879277188678,,14996,8,1631,328.0,SLvl,Y,Edwards
12.214536723942302,,13205,9,873,,2Story,N,
46.15179891949985,,5619,6,2862,,2Story,N,
11.90083062908698,,12195,8,2053,225.0,1.5Fin,N,Somerst
12.946876014218349,,13332,8,2122,1187.0,2Story,Y,Edwards
12.852230414591936,,13515,2,3510,361.0,,N,Somerst
11.06665398721974,,12378,8,2141,1953.0,SLvl,N,OldTown
13.075127105319016,,9901,5,3347,215.0,,N,
12.060219942070988,,14369,8,3444,,1Story,N,
12.499719393881954,,11752,3,1700,631.0,,N,Edwards
12.75048487138043,,10680,1,1910,1560.0,1Story,N,
12.050564377930844,,8516,9,3726,1312.0,2Story,N,Edwards
12.535833122888022,,8370,8,557,284.0,1.5Fin,N,Somerst
11.94372688089156,,5259,5,2407,1075.0,SLvl,N,CollgCr
12.763133744453254,,13390,3,1742,1622.0,2Story,Y,Edwards
12.990642915483107,,11738,4,1945,210.0,,Y,
13.074439138213624,,4100,7,1229,1916.0,SLvl,Y,CollgCr
12.53064941073832,,2040,2,978,,,N,Edwards
13.007576349232105,,4660,1,1954,386.0,2Story,N,CollgCr
13.075292734011317,,6232,4,1605,1615.0,1.5Fin,N,NAmes
11.657822028673449,,12091,6,1184,,,Y,CollgCr
11.370612772195509,,12692,5,1531,1716.0,1Story,Y,NAmes
11.892751345923129,,2342,5,1687,177.0,1.5Fin,Y,Somerst
12.628466975610875,,13462,6,2436,1353.0,1Story,N,NAmes
12.960263183753872,,11501,1,2361,510.0,,Y,CollgCr
12.836242751926145,,7366,9,2495,1305.0,2Story,Y,Edwards
11.10188484252888,,7410,3,3889,1399.0,1.5Fin,Y,CollgCr
12.834675971604993,,5171,8,2929,1438.0,,N,OldTown
13.109235583758773,,13798,5,1347,1148.0,2Story,Y,Somerst
11.93000288840656,,9214,2,921,725.0,2Story,N,Somerst
11.085797400225804,,13842,8,3736,549.0,1Story,N,NAmes
12.303017851586652,,4871,3,3136,132.0,SLvl,Y,Edwards
11.864110366165322,,3628,4,1110,838.0,1.5Fin,N,Edwards
12.6113110612789,,11973,4,1951,1289.0,SLvl,N,OldTown
11.134778787266074,,3196,6,842,1997.0,2Story,Y,Somerst
11.941468875240467,,6769,5,1984,716.0,2Story,Y,Edwards
12.928130359998718,,8538,3,1481,122.0,SLvl,N,Somerst
13.00920139820109,,6364,6,2383,,1Story,N,CollgCr
12.621247131372224,,12863,9,1927,618.0,SLvl,N,Somerst
12.325729480083922,,4437,3,1194,1024.0,,N,CollgCr
12.887868138795517,,12827,4,3519,120.0,,N,Somerst
12.80202311790963,,13414,9,3464,1303.0,2Story,N,OldTown
12.603337557072996,,12516,4,3106,,SLvl,N,Somerst
12.906828308043558,,11583,3,2216,1526.0,1.5Fin,N,
12.81299722884103,,8642,4,2410,1632.0,2Story,N,NAmes
12.915831091895315,,13622,5,2243,1718.0,,N,
12.331029884934557,,8352,9,3501,,1.5Fin,Y,OldTown
11.232219006254873,,11256,4,1782,837.0,2Story,Y,CollgCr
12.47978763075334,,9997,9,1162,1791.0,1Story,N,
12.289977117752391,,12433,6,2090,664.0,1.5Fin,Y,Somerst
12.792883834810612,,2771,9,1234,,SLvl,N,Somerst
11.619930627454734,,10315,8,1012,,1Story,N,NAmes
11.916929506239876,,3999,8,1533,,2Story,Y,CollgCr
12.912301388132011,,14167,4,3392,355.0,SLvl,Y,OldTown
11.437253193014229,,3325,1,2015,1669.0,1.5Fin,Y,Somerst
12.391560019166954,,5072,3,933,1409.0,1.5Fin,Y,Edwards
12.584683723533814,,7634,3,2125,832.0,SLvl,N,NAmes
13.044187758967723,,3132,4,2426,128.0,,Y,OldTown
13.108278651706986,,8246,5,1707,473.0,2Story,N,CollgCr
12.70416251274416,,12202,1,3535,291.0,SLvl,Y,CollgCr
11.027491396469127,,2024,3,1933,1065.0,1Story,Y,OldTown
12.712793857711072,,12582,8,3241,1314.0,1Story,N,Somerst
12.758482533215266,,9851,2,1531,67.0,1Story,Y,CollgCr
12.175530960417476,,11765,9,2138,,1.5Fin,Y,CollgCr
12.641106264570617,,9418,2,2054,1302.0,1.5Fin,N,NAmes
12.458716744962004,,13172,7,3918,1323.0,1.5Fin,Y,Somerst
11.879594303169664,,12919,7,3218,,1Story,N,OldTown
12.92135306872458,,12013,3,3341,1459.0,2Story,N,CollgCr
12.937509817794997,,4169,4,2874,1062.0,1.5Fin,Y,Edwards
11.243607076535405,,12193,6,3259,527.0,2Story,Y,OldTown
12.653325681494744,,10766,6,3273,,,Y,OldTown
13.076702611556202,,5935,5,3395,1294.0,,Y,Somerst
11.910828720871102,,3072,7,3703,1538.0,1Story,N,Edwards
12.948693090226968,,11821,6,2516,38.0,1.5Fin,Y,CollgCr
12.614951918738123,,13240,7,2279,392.0,1Story,N,OldTown
12.019610528435306,,10682,9,3692,396.0,1Story,Y,OldTown
12.472156905304288,,7442,7,564,1689.0,SLvl,Y,OldTown
11.803256525752316,,11744,6,3740,,SLvl,N,Somerst
12.123158318702178,,2152,1,3519,538.0,SLvl,Y,OldTown
12.544015229232556,,10605,1,2626,1349.0,1Story,Y,CollgCr
11.03356620800036,,10155,6,788,1921.0,1.5Fin,Y,Somerst
13.119683790515891,,7951,6,1085,546.0,1Story,N,Somerst
12.01846514270698,,14237,8,3701,1561.0,SLvl,Y,CollgCr
12.302277879199709,,8789,8,3831,371.0,1.5Fin,N,OldTown
12.156519940700496,,7934,1,2900,378.0,,Y,Somerst
13.024973235978786,,11120,8,1677,1557.0,1.5Fin,N,Somerst
13.105695232481546,102.0,11784,9,1604,1221.0,2Story,N,Somerst
12.871200937572592,79.0,5200,3,3682,1676.0,1Story,N,OldTown
12.699108973886482,99.0,9239,6,3469,1766.0,,N,Edwards
13.075630196194126,49.0,8155,1,2297,,1Story,Y,Edwards
12.682269556751365,75.0,5326,6,1029,557.0,,N,Somerst
12.499208568664418,112.0,3088,9,1802,,1Story,Y,NAmes
13.002301998293463,109.0,3378,9,3926,560.0,1.5Fin,N,CollgCr
51.492232289360686,112.0,6357,1,10218,1931.0,1Story,N,
12.734651739680135,51.0,2923,2,1812,1395.0,1.5Fin,Y,NAmes
12.841137750511855,49.0,13989,6,1617,497.0,2Story,Y,Edwards
13.01610023227684,73.0,2277,4,3809,1645.0,1Story,Y,CollgCr
12.293804179810948,,11046,1,3748,,1.5Fin,N,Somerst
12.813800816973192,52.0,7777,3,2298,,,Y,Somerst
12.94808855860155,46.0,13564,7,1065,170.0,2Story,Y,CollgCr
11.839520510920607,103.0,5093,8,3716,1328.0,1Story,Y,CollgCr
13.086769359833138,70.0,6796,4,2871,599.0,,Y,CollgCr
12.994218593774358,43.0,7754,7,1943,738.0,1Story,N,CollgCr
12.489806935733856,90.0,5052,4,2311,226.0,,N,
12.972955764762252,,13767,6,877,,2Story,N,Somerst
11.883778424160695,44.0,14466,8,2010,317.0,2Story,Y,Edwards
11.400607468744903,99.0,8591,3,3913,153.0,1Story,Y,OldTown
11.90947763727819,115.0,5162,6,3079,1004.0,1Story,Y,Somerst
12.425569555924186,83.0,6424,3,643,1320.0,1Story,Y,Somerst
12.353789817512196,,5741,8,2726,834.0,1.5Fin,N,CollgCr
12.915641745226822,59.0,5525,6,1349,696.0,1Story,N,
12.667246784296422,,8376,7,2255,,1.5Fin,N,OldTown
12.509792915754687,99.0,4645,2,1373,,SLvl,N,Edwards
50.9715270226697,114.0,14043,8,11328,719.0,,Y,
12.222113303524203,41.0,4567,4,2369,837.0,SLvl,N,Edwards
12.937408757139266,64.0,3377,5,3440,251.0,SLvl,Y,NAmes
12.300559759435943,71.0,2882,6,2604,1561.0,1Story,Y,Somerst
12.96181661954405,90.0,12183,6,2319,545.0,1.5Fin,N,CollgCr
12.834355918686844,82.0,13639,7,1455,,2Story,Y,Somerst
12.060237297306628,91.0,7717,1,1660,1421.0,,N,CollgCr
12.857548512667318,75.0,11227,8,1227,1739.0,SLvl,Y,
11.82098352972482,86.0,3849,7,3797,679.0,1.5Fin,Y,Somerst
12.157533449865513,77.0,6943,5,1589,819.0,1Story,N,NAmes
12.245567359603312,76.0,3772,2,3826,322.0,,Y,CollgCr
13.013594838805629,93.0,7546,3,610,,1Story,N,Edwards
12.480658080192049,88.0,3098,1,2960,825.0,SLvl,N,CollgCr
12.122946438755822,87.0,4658,2,1483,1358.0,SLvl,N,Edwards
11.83142283150036,85.0,7482,5,731,151.0,1.5Fin,Y,OldTown
11.371258208636666,50.0,9938,7,2716,1622.0,2Story,N,CollgCr
12.83784961389024,115.0,8048,6,2568,1371.0,2Story,Y,Somerst
12.404386474854949,117.0,11433,5,1388,,SLvl,Y,
12.313531458222222,58.0,8716,8,3245,,SLvl,N,
11.858392838060697,60.0,12541,1,2049,891.0,1Story,N,OldTown
11.183573816680386,60.0,8626,7,2618,580.0,1Story,N,Edwards
12.133614849548056,40.0,12719,1,2370,1365.0,,N,CollgCr
12.295771657590857,59.0,6287,1,1335,686.0,SLvl,Y,OldTown
12.474495443043145,116.0,4120,6,3411,772.0,SLvl,N,Edwards
12.93772393639105,118.0,11335,1,2014,821.0,SLvl,N,OldTown
12.923065738867937,86.0,6778,6,2999,1767.0,SLvl,Y,OldTown
13.11061463036978,57.0,10043,1,591,1044.0,1Story,N,
12.43103853537642,60.0,5638,4,934,1946.0,,N,Somerst
11.734251365357412,73.0,3380,6,567,1525.0,SLvl,Y,Somerst
12.9017266813013,46.0,2159,5,2723,,SLvl,N,Somerst
12.459846269730768,82.0,7929,9,826,411.0,SLvl,Y,OldTown
12.696090276789702,111.0,9186,8,1419,,,N,
12.931570842974445,81.0,2358,9,998,209.0,SLvl,Y,Somerst
12.22846505370196,47.0,7672,1,1165,,SLvl,N,OldTown
12.6225535233106,99.0,9415,5,3043,1566.0,SLvl,Y,OldTown
12.521529162212907,86.0,6654,8,2499,1053.0,2Story,Y,
13.07215580919222,72.0,4597,1,2272,270.0,,Y,OldTown
11.251106052044175,114.0,13826,2,3849,350.0,2Story,Y,Edwards
12.2864122322077,51.0,14755,2,1641,1081.0,SLvl,Y,Edwards
11.216982700088654,58.0,11865,7,2883,1937.0,,Y,Somerst
12.71622804474586,64.0,8344,3,2656,1396.0,1Story,Y,NAmes
12.901961065458003,103.0,12592,8,2957,1553.0,1.5Fin,Y,Somerst
11.65545748019202,94.0,12180,6,696,1040.0,1Story,Y,
11.495830169541591,76.0,4151,3,3041,1137.0,1.5Fin,Y,
11.973554035362124,48.0,3348,3,3901,403.0,2Story,N,Somerst
11.891361900690471,76.0,7347,4,2949,1701.0,1Story,N,NAmes
11.600166815513912,78.0,2138,6,3753,1921.0,SLvl,N,CollgCr
12.36433201597337,84.0,12849,4,2489,1164.0,1Story,Y,CollgCr
13.06679781195462,70.0,8469,7,1857,505.0,,N,Somerst
13.065748580483806,52.0,7243,4,3387,310.0,,N,NAmes
12.101556217974174,82.0,8450,8,1681,200.0,2Story,Y,Somerst
12.724830724021857,91.0,9570,9,1138,1230.0,1.5Fin,N,OldTown
12.889442180326022,47.0,3772,6,1859,,1Story,Y,
12.712399163480988,104.0,12131,2,626,,1.5Fin,N,Somerst
12.976000295368577,109.0,2205,1,1069,,1Story,N,Edwards
12.203108256066155,89.0,4767,7,3898,885.0,2Story,Y,Edwards
12.497274765339524,79.0,6559,7,518,,SLvl,Y,NAmes
11.718507715338736,60.0,10560,7,1691,1184.0,,N,Edwards
13.03424884670979,90.0,9730,7,794,280.0,,N,CollgCr
12.893810220522576,41.0,4566,5,3622,1604.0,,N,OldTown
11.760948928406329,56.0,7248,2,3434,1977.0,2Story,Y,
12.304903891825102,100.0,7590,5,3691,314.0,2Story,N,NAmes
12.88377872350182,68.0,9480,3,2661,1294.0,1Story,N,Somerst
12.894885446222563,99.0,4743,2,1969,1919.0,1Story,Y,Somerst
12.9211892218941,89.0,5786,3,2320,,,Y,NAmes
50.69339022081861,51.0,5276,8,5031,1323.0,1Story,N,
11.431227220985722,63.0,12775,4,3257,,,N,CollgCr
12.376861286510405,46.0,5415,7,3366,564.0,SLvl,N,NAmes
12.7447741027418,82.0,12593,1,1773,1426.0,SLvl,N,Edwards
12.845787403292652,81.0,12533,5,667,1652.0,2Story,N,
12.019013885887842,42.0,3138,7,2026,343.0,2Story,N,Somerst
12.807825220410216,44.0,9913,7,3581,,,Y,OldTown
11.757666110991847,40.0,9470,6,3533,,,N,Somerst
13.098914590941416,54.0,7004,1,2795,776.0,,Y,Somerst
13.024580743603094,53.0,6628,6,2060,727.0,1.5Fin,N,Somerst
44.67920460907455,44.0,5212,2,5463,533.0,1.5Fin,Y,
11.510041309790363,68.0,2660,3,3032,834.0,2Story,N,Edwards
12.79609292516771,98.0,3674,2,3487,41.0,2Story,N,OldTown
12.861915076306236,41.0,3774,6,2784,1291.0,,Y,OldTown
13.082586669714727,40.0,6958,3,1817,,2Story,Y,OldTown
13.092983999065352,,3724,9,1034,,2Story,N,Somerst
13.109024812965147,100.0,3932,2,971,,SLvl,N,OldTown
12.379206289090105,52.0,8144,8,890,872.0,2Story,Y,NAmes
11.313864584171975,99.0,7355,3,3459,1082.0,SLvl,N,OldTown
11.50644450887054,98.0,2264,5,2540,1425.0,1Story,Y,CollgCr
12.9486312258242,115.0,14355,8,1301,602.0,2Story,N,
11.022768106799347,119.0,2539,7,1037,1097.0,1.5Fin,N,CollgCr
12.151157008901793,58.0,8980,2,2382,,SLvl,Y,Somerst
11.079215191421762,75.0,7423,2,2398,,1Story,Y,CollgCr
11.945876030013252,74.0,6912,1,1796,1016.0,2Story,Y,
11.523776380274464,46.0,8411,7,967,1381.0,2Story,Y,
12.795829590377584,113.0,5663,3,3986,1550.0,SLvl,Y,NAmes
12.192617530088397,88.0,13950,9,2035,569.0,,N,Edwards
12.935558987712511,56.0,10848,8,2286,688.0,1Story,N,NAmes
12.23072135471778,60.0,9866,1,877,1969.0,1Story,Y,Edwards
12.051276757600926,70.0,14063,7,863,977.0,SLvl,Y,OldTown
12.978802427931198,56.0,2441,2,3972,,2Story,N,Edwards
12.87798086776422,108.0,11429,7,551,,1.5Fin,N,NAmes
12.134087802557168,69.0,14088,9,1115,857.0,1Story,N,OldTown
12.363392583662964,80.0,12888,3,1204,1848.0,,N,CollgCr
11.778292907687902,55.0,12197,8,2829,156.0,2Story,N,OldTown
11.623983717651743,80.0,13222,7,1910,1821.0,,Y,Somerst
12.327577635004,104.0,9155,5,3420,427.0,1Story,N,OldTown
12.36798313996887,94.0,7668,5,1394,893.0,SLvl,Y,CollgCr
12.361857703319563,81.0,12332,2,3503,687.0,1Story,Y,CollgCr
13.086541362128708,81.0,7904,8,2003,383.0,1Story,Y,Edwards
12.911600369899046,46.0,13623,4,1920,1790.0,2Story,Y,OldTown
12.67362013593488,55.0,9190,1,3786,1870.0,2Story,Y,NAmes
11.457000407880114,76.0,12965,4,2551,30.0,1Story,N,
13.06626910304942,56.0,6000,2,2000,831.0,1.5Fin,Y,NAmes
13.078910842711725,55.0,6986,9,3817,803.0,1Story,N,CollgCr
12.954980875181654,43.0,7498,8,1541,610.0,,Y,NAmes
12.93255063158785,113.0,4866,4,3726,309.0,,N,Edwards
12.744622379810924,54.0,9398,2,1073,1559.0,SLvl,Y,
12.737177253704512,96.0,14310,6,3405,433.0,1Story,N,Somerst
11.503703069108084,116.0,7668,5,526,1081.0,SLvl,N,
13.104865172885251,56.0,11077,9,3691,366.0,2Story,N,CollgCr
12.241989831116957,71.0,12348,6,2606,1228.0,1Story,N,Somerst
12.419424413421908,68.0,3875,1,2144,1604.0,1Story,N,Edwards
12.4748203386494,98.0,8144,6,795,1990.0,1.5Fin,N,CollgCr
12.454938523000164,57.0,5696,3,3881,,1.5Fin,Y,OldTown
12.843693902541904,48.0,2526,5,572,,,N,CollgCr
12.843730900232195,85.0,12728,7,2156,340.0,2Story,N,CollgCr
12.096129423071345,46.0,9358,2,2485,195.0,SLvl,N,NAmes
48.694817601989776,70.0,14691,4,5970,1928.0,1Story,Y,
12.414066010143085,115.0,5731,7,2698,,1.5Fin,Y,
12.85146237848532,77.0,12672,9,920,1238.0,,N,CollgCr
11.905595733777606,109.0,9295,1,9288,922.0,SLvl,N,Somerst
12.201979279125393,65.0,5830,7,2112,1574.0,,N,Somerst
12.945380345295732,114.0,2331,8,2548,352.0,1.5Fin,Y,CollgCr
11.554441618506356,94.0,5220,3,3732,,SLvl,N,Edwards
12.705443917971028,102.0,9183,2,642,,1.5Fin,N,CollgCr
12.569485836406468,71.0,6422,5,3462,454.0,,N,Somerst
11.710619917630623,51.0,8416,5,1418,1141.0,1.5Fin,Y,
12.731298092401104,87.0,4551,2,3539,1545.0,1Story,Y,Somerst
12.05843073761574,118.0,12088,1,2855,,SLvl,Y,
11.870508996018652,77.0,13927,9,3429,,,N,Somerst
12.153178069775649,54.0,5965,3,2483,448.0,,Y,CollgCr
12.4552074779947,67.0,10125,2,897,357.0,,N,OldTown
12.06469915530906,80.0,3635,6,2490,478.0,1.5Fin,N,CollgCr
11.49273296168228,61.0,10125,3,2347,506.0,1Story,Y,OldTown
12.13302872246,91.0,6979,3,3908,1293.0,2Story,N,OldTown
13.101758548430404,61.0,14096,7,3105,,1Story,Y,
12.685905930031238,78.0,4990,9,943,,1Story,Y,CollgCr
11.927436204385268,117.0,4828,1,1965,,2Story,N,NAmes
12.138954800795652,86.0,9016,1,1841,1614.0,,N,CollgCr
13.037776694829535,94.0,9763,7,3442,449.0,1.5Fin,Y,Edwards
11.008827161953665,46.0,5607,6,653,65.0,1Story,N,OldTown
12.028816239175905,79.0,4261,8,1231,,1.5Fin,N,
12.760675891642052,68.0,8999,9,2438,108.0,,N,OldTown
12.723016514604248,40.0,4895,2,1324,1908.0,1.5Fin,N,NAmes
12.686048263810378,69.0,14413,9,3206,677.0,2Story,N,
12.972031064991429,54.0,14411,9,3661,762.0,1.5Fin,Y,
11.692551726049205,72.0,13578,5,977,1624.0,SLvl,N,Somerst
11.975444907428184,55.0,11794,5,3176,,1.5Fin,N,OldTown
12.901659348035274,71.0,8313,9,2644,1026.0,2Story,Y,
11.840659635648157,83.0,10036,8,715,63.0,,N,CollgCr
12.294628246259022,67.0,12685,2,3961,681.0,1.5Fin,Y,NAmes
11.369539965434294,40.0,12188,1,2007,1917.0,1.5Fin,Y,OldTown
12.64560740229604,,8362,9,645,208.0,1.5Fin,Y,
12.059988510142762,87.0,8091,6,3947,1132.0,,N,Somerst
13.03970107491974,114.0,10851,9,600,,2Story,Y,CollgCr
12.748039314276848,58.0,7789,7,2734,15.0,2Story,N,Somerst
12.726451491609202,107.0,10931,6,2677,873.0,2Story,N,Edwards
11.411512702227164,,7647,4,2817,1232.0,2Story,Y,
12.131661550516284,45.0,7154,6,2626,234.0,1.5Fin,Y,NAmes
12.381180747805828,114.0,10611,8,878,,,Y,OldTown
12.96296193642678,73.0,2382,8,1602,,1.5Fin,Y,CollgCr
11.652835222507145,42.0,9880,1,2371,1903.0,1.5Fin,N,Somerst
51.7493462588123,107.0,3588,4,3498,539.0,,Y,
12.653207388809731,51.0,4309,2,1962,1928.0,,Y,Somerst
12.597428687219576,40.0,7000,4,2041,84.0,1Story,Y,CollgCr
11.57306055522093,84.0,2278,5,2784,1255.0,1Story,N,
12.513380859117133,48.0,7141,5,3676,,1Story,Y,
12.82372820482762,49.0,11729,6,2498,977.0,SLvl,N,Somerst
12.46934419060181,,7626,5,990,1099.0,2Story,N,Somerst
11.483146438481104,,2226,4,793,1888.0,1Story,N,OldTown
11.145752754648552,95.0,14763,2,584,54.0,,Y,NAmes
11.620496535550195,95.0,14258,6,3471,350.0,2Story,N,CollgCr
11.946466075126676,72.0,10752,2,1418,1629.0,1Story,Y,Edwards
13.042861190289898,65.0,5831,9,2169,1974.0,1Story,Y,Somerst
13.061861498054729,49.0,13883,2,3954,1443.0,1.5Fin,Y,Somerst
12.112739510085063,84.0,11475,5,1771,790.0,1.5Fin,N,NAmes
12.288412712252391,113.0,2475,2,1110,1280.0,1.5Fin,Y,NAmes
11.259850917158785,67.0,11496,5,3770,760.0,2Story,N,CollgCr
12.56123344372859,110.0,9789,6,3168,388.0,1Story,N,NAmes
45.16711966527477,61.0,7086,7,10149,,SLvl,Y,
12.296023032728437,56.0,8401,5,3824,415.0,1.5Fin,Y,
11.938252022173948,44.0,5730,6,3238,1005.0,1.5Fin,Y,OldTown
13.03665297196592,,7276,9,1412,1135.0,SLvl,N,CollgCr
12.40107594798007,45.0,5699,8,2458,1882.0,SLvl,Y,CollgCr
11.583970895183208,117.0,10148,8,3476,677.0,SLvl,N,NAmes
12.563498807234172,107.0,13981,3,844,1755.0,,N,CollgCr
12.956816338395363,54.0,14952,4,622,1121.0,1Story,Y,CollgCr
11.685802562936184,67.0,2182,5,3095,1502.0,SLvl,Y,Edwards
11.12955447433513,116.0,10770,3,1298,709.0,1.5Fin,Y,OldTown
12.252584024764136,,12578,3,1637,,1.5Fin,Y,OldTown
12.260669726400057,76.0,5536,1,2005,1222.0,1Story,N,CollgCr
11.662887384176033,,10859,7,2821,,SLvl,Y,Somerst
12.809486566317991,68.0,12878,5,3606,1848.0,,Y,CollgCr
12.86527517003718,56.0,11122,2,1826,328.0,1Story,N,NAmes
12.793222996916668,75.0,10967,7,3358,1890.0,,N,CollgCr
12.8476791326809,49.0,5664,5,3640,1346.0,,Y,CollgCr
12.196093014247753,62.0,8708,8,2084,696.0,1.5Fin,Y,NAmes
12.512862250814765,,8564,4,3780,224.0,,Y,
12.709411311845823,103.0,2234,3,1228,913.0,,Y,Somerst
12.271335903982202,117.0,13956,2,1657,886.0,2Story,N,CollgCr
12.080634131331651,41.0,13755,8,1769,922.0,,N,Somerst
12.188356639724391,85.0,6369,6,1045,1075.0,,Y,CollgCr
12.803732630619445,108.0,2619,6,569,,,N,Somerst
12.720353293819112,99.0,12667,2,664,1353.0,SLvl,N,OldTown
13.012443595179322,111.0,14906,2,1541,,SLvl,Y,
11.1094882991963,92.0,12503,6,1250,1840.0,1Story,Y,OldTown
12.632839257058253,116.0,2987,2,690,546.0,2Story,Y,OldTown
12.830295702239994,112.0,11172,1,563,1394.0,1Story,Y,CollgCr
11.310686874335914,86.0,8337,1,624,224.0,SLvl,N,Somerst
12.916101524958634,46.0,8046,3,1324,48.0,1Story,Y,Somerst
11.831931770664037,117.0,9461,6,886,1189.0,,N,Somerst
11.688255974575329,83.0,8980,8,2227,,1Story,Y,OldTown
12.384214646804477,106.0,2522,5,2885,1635.0,SLvl,Y,Edwards
12.697654285929405,52.0,9758,8,3531,1025.0,1Story,Y,CollgCr
11.710250570181282,86.0,12380,8,1234,1663.0,SLvl,N,Edwards
12.913512201756712,,9611,2,1545,349.0,,Y,Edwards
11.778883264947847,86.0,3492,1,3319,,1Story,Y,NAmes
12.434545968345272,94.0,14594,5,2779,393.0,,Y,OldTown
13.039257817316807,110.0,8659,9,2127,1944.0,SLvl,N,CollgCr
12.533637471553492,100.0,5922,7,3473,,1.5Fin,Y,NAmes
12.385092925768856,101.0,13751,6,1721,1243.0,1.5Fin,N,Somerst
12.520686285655364,103.0,10733,3,1401,726.0,SLvl,N,OldTown
12.799272410910396,71.0,13128,4,2635,1782.0,,Y,
13.10832124654389,105.0,10578,9,3293,1464.0,,Y,Somerst
12.535861886312452,64.0,12521,4,1781,605.0,SLvl,N,Edwards
12.997482461287248,81.0,9226,2,865,966.0,1.5Fin,Y,
11.497486901281036,69.0,2855,3,1472,1191.0,SLvl,Y,Edwards
11.393387139693978,74.0,4803,6,1594,926.0,2Story,N,CollgCr
13.043097201485285,111.0,5740,9,2355,326.0,2Story,Y,NAmes
12.893930864156507,60.0,14845,2,2452,,1Story,Y,Somerst
12.195259392466705,44.0,4946,1,3613,,,Y,OldTown
11.575223979164452,,7585,6,3204,258.0,SLvl,N,Somerst
12.385318644307157,,3098,5,2378,1345.0,,N,Edwards
11.016117795639095,56.0,10711,9,2339,132.0,1.5Fin,Y,Edwards
12.697415710772509,46.0,11291,3,1673,260.0,SLvl,Y,
12.771386454580234,87.0,9815,4,1715,,,N,
11.175198441433084,49.0,9684,6,1073,1679.0,1.5Fin,Y,
12.538859528140351,46.0,11528,4,2021,1992.0,,Y,
12.7432908994521,63.0,7445,7,754,1346.0,SLvl,N,Edwards
12.2829873892983,53.0,3567,6,1490,68.0,1Story,N,
12.112294791115414,98.0,9568,4,1401,,,Y,Somerst
11.895960898112207,61.0,4011,6,2853,680.0,1.5Fin,Y,CollgCr
12.132888861567569,56.0,11327,2,2915,230.0,1Story,Y,OldTown
12.326771426267454,97.0,11101,3,2712,838.0,2Story,N,
11.173907991981288,,8297,6,1727,28.0,1.5Fin,N,Edwards
13.0051146989537,44.0,13531,5,866,1597.0,2Story,N,OldTown
13.08843837717787,54.0,8976,8,3091,1888.0,2Story,Y,
12.384030528667065,108.0,5551,4,1919,219.0,1Story,N,NAmes
12.900773618329502,64.0,4468,8,2322,1711.0,SLvl,N,CollgCr
12.16256475555324,115.0,11168,6,2833,1444.0,SLvl,Y,Edwards
12.402149167556464,96.0,10915,2,934,282.0,1Story,Y,Edwards
12.411565332844194,91.0,3116,5,2783,1352.0,2Story,Y,Somerst
12.961809574603198,,10017,6,1591,9.0,,N,NAmes
51.2477791119147,40.0,12859,3,8916,207.0,1Story,Y,
12.076908843935994,69.0,11388,3,647,540.0,2Story,Y,
12.81974362458832,76.0,9166,9,2066,1857.0,SLvl,N,CollgCr
11.418889473043636,84.0,7160,1,2881,,2Story,N,Edwards
12.795632736981434,99.0,14452,7,3464,48.0,SLvl,Y,CollgCr
11.361404657328986,57.0,10787,1,844,1683.0,2Story,N,Somerst
12.966962583176237,44.0,3960,7,958,947.0,1Story,Y,NAmes
13.001880199643056,68.0,4161,7,1937,,1Story,N,NAmes
12.474805051810984,81.0,8652,4,1819,1211.0,,N,Edwards
11.762796630025417,70.0,5236,7,2405,1994.0,1.5Fin,N,Somerst
12.905112430544918,118.0,9355,3,725,494.0,1Story,N,CollgCr
13.016164732836794,60.0,2155,1,3193,1552.0,2Story,N,Somerst
13.11241202655064,52.0,3105,4,504,1057.0,SLvl,Y,
12.740643115824968,116.0,9170,8,589,1360.0,,Y,
12.445302121830029,73.0,7637,7,1353,878.0,SLvl,Y,
11.505890779489102,76.0,9823,2,3661,104.0,1.5Fin,Y,OldTown
12.142807979361402,109.0,7260,5,11163,12.0,1.5Fin,N,CollgCr
11.38182539998608,88.0,11298,5,2679,306.0,1.5Fin,Y,Somerst
12.332625998165328,60.0,9427,6,3725,313.0,2Story,N,Somerst
12.529839509653833,112.0,4661,5,2634,1195.0,1.5Fin,N,CollgCr
13.115020484229069,42.0,5893,6,3771,1146.0,,N,
12.782610164261335,86.0,12651,9,1115,,1.5Fin,Y,NAmes
12.556063802646865,48.0,5180,7,2040,1122.0,1.5Fin,Y,
11.58370074701927,89.0,14871,9,1807,354.0,1.5Fin,Y,Somerst
12.921580453422573,,3137,4,2655,548.0,2Story,N,OldTown
12.11401217968096,48.0,13892,2,796,195.0,1Story,Y,NAmes
12.458619647213624,42.0,5456,8,1365,1532.0,1Story,Y,OldTown
12.02023692127636,42.0,9368,6,3937,216.0,2Story,N,OldTown
12.540027430312632,97.0,6931,2,2321,,1.5Fin,Y,NAmes
12.742492913957644,56.0,13431,7,2878,,SLvl,Y,CollgCr
12.693173038640968,53.0,11190,7,3021,1518.0,2Story,Y,OldTown
11.785209595241913,87.0,14419,8,1674,808.0,SLvl,N,Edwards
11.625673624661982,77.0,11134,3,2718,501.0,2Story,N,Edwards
12.750740119189729,94.0,13132,6,1181,942.0,SLvl,Y,
13.102999094021415,55.0,12006,1,1579,1320.0,SLvl,Y,NAmes
12.06718981662151,66.0,14050,2,3863,911.0,2Story,Y,Somerst
12.536965058132829,104.0,4064,6,1602,1254.0,1Story,N,OldTown
11.738617765461996,109.0,3762,1,3147,,SLvl,N,
12.96189411061794,119.0,6875,6,3670,514.0,,Y,Somerst
11.892655584069104,48.0,7409,2,2834,1126.0,,Y,CollgCr
12.213867188996083,119.0,7054,8,3658,172.0,1Story,Y,OldTown
12.22762374336047,94.0,6009,4,2132,,SLvl,N,NAmes
13.051737029664022,74.0,12178,1,1116,1334.0,1Story,N,CollgCr
12.535969741786223,80.0,11885,6,3832,1227.0,2Story,Y,NAmes
12.538820096599776,104.0,5642,4,2586,523.0,2Story,Y,OldTown
12.629086208208191,98.0,10179,2,2796,,,N,Edwards
12.716855268371637,,13944,8,1604,1528.0,,N,CollgCr
12.97600492582354,49.0,12661,7,3183,596.0,,Y,
12.710646769326074,118.0,11061,8,2813,1632.0,,N,NAmes
12.192673273567056,85.0,6869,8,2726,,1Story,N,NAmes
11.589108425702516,101.0,4295,6,3388,1894.0,1.5Fin,Y,NAmes
11.483826157144954,,12860,4,3705,1411.0,1Story,Y,CollgCr
12.191786076771718,,8091,7,2032,,2Story,Y,Somerst
12.8510401005651,84.0,7808,8,2763,1161.0,1Story,N,OldTown
11.02851454737569,99.0,11797,2,2079,551.0,2Story,Y,Somerst
11.73038891500924,99.0,10584,4,2141,,SLvl,N,NAmes
12.906163165224294,58.0,9122,9,772,601.0,,N,NAmes
11.85876794909442,56.0,2234,5,1959,1672.0,1Story,N,
11.322636250526966,53.0,2727,7,2814,,1Story,Y,CollgCr
12.600089134244596,105.0,11433,3,1162,1391.0,2Story,Y,Somerst
13.042523315863344,60.0,10389,1,3566,,2Story,Y,Somerst
12.997357822032749,57.0,9230,3,544,529.0,1.5Fin,Y,Edwards
11.381266603778196,75.0,6857,9,688,1066.0,SLvl,N,Edwards
11.21389929081779,58.0,6082,9,3303,555.0,,Y,NAmes
11.796960896501812,97.0,2992,3,3785,,2Story,Y,NAmes
11.170773127073817,52.0,11203,5,3737,1126.0,SLvl,N,NAmes
12.26177694710558,116.0,8318,1,1030,1489.0,SLvl,N,Somerst
12.93663602747554,114.0,11959,2,3668,833.0,1Story,N,
12.464745489696975,68.0,10676,3,822,,,N,Edwards
12.493223326818676,97.0,8033,9,3938,1781.0,SLvl,N,NAmes
11.046021028262166,73.0,7661,3,2976,794.0,2Story,Y,
12.89363928378886,103.0,6068,1,832,,1Story,Y,CollgCr
12.90270624147489,75.0,9395,3,1315,113.0,2Story,Y,NAmes
11.516897565722628,50.0,2645,3,3075,276.0,1.5Fin,N,Edwards
12.593638513750506,83.0,5655,4,2132,1105.0,SLvl,N,Somerst
12.16198490760342,66.0,13641,7,2254,1080.0,SLvl,N,Edwards
13.113453804774384,93.0,14834,2,3701,947.0,SLvl,Y,Edwards
12.416001262968862,71.0,3102,5,904,674.0,2Story,Y,Edwards
12.688415457968718,118.0,3636,8,1755,,1.5Fin,Y,Edwards
11.61720439592614,78.0,6728,8,995,,,N,NAmes
13.016567211309074,87.0,4990,6,2387,1105.0,2Story,N,CollgCr
12.977966309412354,59.0,9064,3,2818,1942.0,,N,
13.101088667125474,117.0,4176,4,1442,1301.0,1.5Fin,Y,OldTown
12.977695922653648,92.0,3125,4,3462,915.0,SLvl,Y,OldTown
12.380227612991067,78.0,3968,4,1667,535.0,SLvl,N,CollgCr
12.781145498012217,,9927,9,1388,1892.0,,Y,NAmes
11.899792020593106,119.0,9835,1,891,687.0,1Story,Y,Edwards
13.104820395186168,48.0,3809,5,3365,1667.0,2Story,N,
13.023654026959798,47.0,14285,9,914,440.0,2Story,N,OldTown
11.932911301819258,60.0,4257,8,1652,1977.0,2Story,Y,Edwards
13.03537309110138,112.0,10652,7,1370,996.0,SLvl,Y,Edwards
12.229745225869364,103.0,14297,2,1513,1979.0,1Story,Y,
13.070162302687812,74.0,3970,7,3400,370.0,1.5Fin,Y,NAmes
12.937307686269248,95.0,13328,1,3032,132.0,2Story,N,NAmes
12.788070364549204,57.0,14916,2,2210,1610.0,,Y,Somerst
12.566592687595168,44.0,8748,9,2281,989.0,2Story,Y,Somerst
12.888772946977266,52.0,5674,9,3380,250.0,1Story,Y,Somerst
12.888219544231251,102.0,8353,8,2800,,1Story,Y,CollgCr
12.14620055299254,64.0,9789,4,2164,102.0,1.5Fin,N,Somerst
12.630967762501284,41.0,7939,5,3199,522.0,SLvl,N,
13.088953429009882,107.0,3556,6,629,1973.0,2Story,Y,OldTown
13.007908297953565,101.0,6967,1,3797,1239.0,1.5Fin,Y,CollgCr
12.667177422175678,88.0,5490,7,1188,211.0,2Story,Y,Somerst
11.228637625586463,86.0,11131,8,698,1129.0,1.5Fin,Y,
13.107247709135368,96.0,11944,2,1157,1081.0,1.5Fin,Y,Somerst
11.753641708141265,84.0,86142,6,2798,,,Y,Somerst
12.81095948765457,59.0,7002,8,3697,1347.0,1.5Fin,N,
12.534807885779609,65.0,13836,1,3614,1391.0,1Story,Y,Edwards
11.430608506481011,102.0,10566,6,851,368.0,1Story,N,OldTown
11.757141425301771,50.0,7690,4,3069,1129.0,,N,OldTown
12.666155349740386,97.0,4307,6,3297,,,N,CollgCr
13.106876065725984,112.0,8299,4,2612,1207.0,1.5Fin,Y,CollgCr
12.1209776129972,111.0,12693,8,744,1489.0,,Y,NAmes
12.448143931729865,59.0,6079,5,584,108.0,SLvl,Y,Somerst
11.120800973799138,44.0,4783,3,2045,947.0,1Story,Y,CollgCr
12.106119704771162,95.0,6005,5,2157,1806.0,,Y,
12.424211695189522,118.0,13181,5,1476,595.0,2Story,Y,CollgCr
12.636773308239912,51.0,13023,9,3893,1555.0,1Story,N,
12.653031522467696,75.0,12403,7,2531,,2Story,Y,OldTown
11.93112909252658,90.0,14474,9,1342,,SLvl,N,Edwards
12.988095713798836,102.0,13606,6,1377,378.0,1Story,Y,
12.957884882152232,107.0,13894,7,2776,6.0,,N,CollgCr
12.405931193107676,40.0,4800,4,1072,100.0,1Story,Y,Somerst
11.146907006028345,72.0,6152,1,1673,602.0,SLvl,Y,NAmes
13.085869503044536,113.0,2999,4,1087,689.0,1Story,Y,
13.075510735026722,73.0,9183,5,3486,1094.0,1Story,N,CollgCr
11.98392235077331,74.0,13108,9,3510,870.0,1.5Fin,N,Somerst
12.996745731179358,70.0,8614,6,1672,470.0,1.5Fin,N,OldTown
13.016289273869887,49.0,10277,5,2417,,1Story,Y,Somerst
12.003687147300472,,8710,8,1403,1101.0,,Y,NAmes
13.016909524057342,80.0,4070,4,3920,,SLvl,N,OldTown
12.977039294967998,76.0,6916,6,2560,446.0,2Story,N,Edwards
13.113875456707976,,11031,3,2519,418.0,1.5Fin,N,Edwards
12.368208501664716,53.0,8852,6,2684,1913.0,1.5Fin,Y,CollgCr
12.279727300665543,77.0,12343,3,3331,984.0,1.5Fin,Y,Edwards
13.095887976590994,72.0,3293,6,3938,331.0,,N,
12.056539621235796,82.0,10436,9,3279,,2Story,N,
12.947352631389402,50.0,12211,3,3751,1642.0,1Story,N,CollgCr
12.902673854061632,59.0,4409,4,2830,,1.5Fin,Y,OldTown
12.08962871287502,96.0,4497,4,2408,516.0,1Story,N,
11.554527954824742,89.0,9659,2,1133,811.0,1.5Fin,Y,Edwards
13.089302851277838,118.0,10345,6,3753,130.0,2Story,N,OldTown
12.580762344964551,82.0,3497,9,1416,822.0,,Y,NAmes
12.146280177377816,118.0,7670,6,1413,619.0,1.5Fin,N,NAmes
11.602565051855189,91.0,5311,7,1187,,1.5Fin,Y,OldTown
13.013012689364144,78.0,6650,9,3492,1993.0,1Story,Y,NAmes
12.532274464361574,74.0,10712,8,681,,SLvl,N,OldTown
12.717787873480995,,4763,7,3615,1009.0,SLvl,Y,Edwards
12.33238365884062,75.0,2215,6,518,,,Y,Somerst
13.097550057529126,68.0,13691,7,977,1299.0,SLvl,N,Somerst
12.380160397397024,117.0,2364,9,2766,,1.5Fin,Y,Edwards
12.835054568614332,41.0,12435,6,2134,1966.0,SLvl,N,OldTown
12.699405153025117,73.0,2614,7,1154,28.0,SLvl,Y,Somerst
12.212750300283414,101.0,10350,9,1365,187.0,,N,CollgCr
13.013260311578684,85.0,2695,7,3199,1272.0,1.5Fin,N,OldTown
12.498342926038658,117.0,11203,5,1964,777.0,2Story,N,Somerst
12.028446050136438,56.0,5629,2,2372,,1.5Fin,Y,
11.798044255018844,103.0,2770,3,2083,161.0,1.5Fin,Y,Edwards
11.205666339778414,64.0,3531,9,3641,988.0,SLvl,Y,Somerst
12.367106723180871,96.0,8771,5,1760,1906.0,1.5Fin,N,NAmes
12.818519402168665,106.0,11302,3,3584,,1.5Fin,N,OldTown
12.70968330391742,114.0,8509,6,3104,1643.0,,N,NAmes
11.74042750426139,75.0,12695,2,1381,1448.0,SLvl,Y,NAmes
11.745900528197726,,12750,6,2051,1325.0,1.5Fin,Y,OldTown
11.753303643205992,102.0,12461,5,1852,493.0,1.5Fin,Y,Edwards
12.493478429817896,42.0,10234,5,1574,215.0,1.5Fin,N,Somerst
11.090873553257664,94.0,3401,7,3143,319.0,,N,OldTown
13.013750913222228,77.0,2492,2,3226,1511.0,SLvl,Y,OldTown
12.394276865482285,,13150,1,1567,282.0,SLvl,Y,Somerst
12.78979550880883,86.0,6727,1,2342,844.0,1.5Fin,Y,Edwards
12.832997221012237,87.0,9547,9,3130,1501.0,,Y,Somerst
12.432056160327807,52.0,8268,4,656,1599.0,1.5Fin,N,Somerst
12.827329009613848,99.0,3800,9,3142,,2Story,Y,OldTown
12.517560351957217,117.0,6697,9,2135,716.0,1.5Fin,N,
11.8688221061099,106.0,14021,3,582,270.0,,N,Edwards
12.667347666066226,53.0,6063,9,1023,519.0,1Story,N,Somerst
12.620844312958637,62.0,3238,5,1714,1836.0,1.5Fin,Y,NAmes
12.57833940293475,109.0,5811,6,3383,214.0,2Story,N,Somerst
12.898854759461406,69.0,7184,3,800,1872.0,2Story,N,Edwards
12.749155369602548,60.0,4832,2,1347,1366.0,,N,OldTown
11.822804355179056,87.0,14707,3,783,355.0,1.5Fin,Y,OldTown
12.637000801074867,53.0,13033,2,1136,,1.5Fin,Y,Somerst
12.33185912358225,67.0,14869,4,2484,148.0,,N,
12.95743920468564,86.0,9778,4,1774,1417.0,1Story,Y,Somerst
12.809374437079354,78.0,7443,6,1723,1574.0,SLvl,Y,CollgCr
12.285544421022175,64.0,12614,8,3065,116.0,,Y,Edwards
12.799148077990884,101.0,3461,9,3692,1194.0,,N,Edwards
12.795685419856875,119.0,11702,6,1450,655.0,1.5Fin,N,Edwards
12.413663884150372,109.0,7806,8,3257,1013.0,1.5Fin,Y,
13.112967372883926,106.0,9468,7,3869,1643.0,2Story,N,Somerst
13.012646720860127,110.0,8846,1,928,,SLvl,Y,Somerst
12.941809856713004,69.0,8142,3,1007,,,N,Somerst
12.362567717977404,108.0,9430,2,3213,,1Story,N,Somerst
11.86485617279676,51.0,11135,6,3568,1095.0,SLvl,Y,NAmes
11.775535852992986,48.0,3130,6,1472,1875.0,1Story,Y,Edwards
11.54815746454081,,2141,5,1558,1947.0,1.5Fin,N,OldTown
12.959987967018956,43.0,5252,3,2376,165.0,1.5Fin,N,OldTown
13.119844206957316,61.0,14288,3,3723,261.0,,Y,
13.09359963901574,50.0,11587,9,2857,,2Story,Y,NAmes
13.058195987389082,101.0,6249,4,1222,1545.0,1.5Fin,Y,OldTown
12.948224253017932,96.0,5854,6,2497,1278.0,1Story,Y,Edwards
12.57036152971959,50.0,8990,3,1759,785.0,2Story,Y,Somerst
12.899167324711945,70.0,14251,4,3071,1014.0,1.5Fin,Y,CollgCr
12.83754918864003,88.0,9935,3,1569,175.0,1.5Fin,N,
12.744794525224622,106.0,5583,4,1736,1392.0,1.5Fin,N,
11.094405511988263,89.0,3856,9,1547,1944.0,1Story,Y,
12.122913837856034,114.0,102010,6,2180,,2Story,Y,NAmes
12.205022093893994,44.0,8683,4,2666,1868.0,SLvl,N,OldTown
13.00999838759362,115.0,10533,3,1507,1385.0,1.5Fin,Y,CollgCr
12.753381585348215,81.0,3316,5,3135,784.0,,N,NAmes
12.089611860315255,107.0,11080,8,651,55.0,,Y,CollgCr
12.828188270755884,82.0,12847,4,1130,30.0,2Story,Y,CollgCr
13.085512653606314,,4285,9,2976,1800.0,1.5Fin,Y,Somerst
12.095822416909272,52.0,14605,3,1513,1539.0,2Story,N,Somerst
12.655525930509054,77.0,9011,1,3471,1884.0,2Story,Y,CollgCr
12.51682772703938,,10835,7,2216,61.0,SLvl,Y,
11.942159181672752,82.0,10112,6,3940,,1Story,N,Edwards
11.882106876001146,113.0,3898,1,2354,1598.0,1Story,Y,Edwards
11.67086040401928,64.0,2719,2,2631,1055.0,1.5Fin,Y,CollgCr
12.865094111360742,119.0,6776,4,3182,,SLvl,Y,OldTown
12.64713009734146,81.0,14541,3,720,1629.0,SLvl,Y,CollgCr
12.71988380813653,75.0,11177,4,2267,683.0,1.5Fin,Y,OldTown
12.59696542445508,103.0,8236,8,731,,1.5Fin,N,Edwards
12.557792332436716,42.0,14512,4,691,252.0,2Story,Y,NAmes
12.670092784347355,82.0,5923,1,1398,,SLvl,Y,Somerst
12.716612228390364,63.0,12693,6,2550,,,Y,
12.374193852922987,45.0,6652,4,2236,470.0,,Y,NAmes
12.187557289344907,74.0,9096,7,3796,,1.5Fin,Y,NAmes
12.74858005912242,79.0,3185,3,708,,,Y,NAmes
12.502994400344685,118.0,14555,4,3666,737.0,1Story,Y,Somerst
12.179055959371787,60.0,13185,9,2174,657.0,SLvl,N,Edwards
12.394247869469233,58.0,2201,6,1821,1911.0,2Story,N,Edwards
12.293222346285964,68.0,14867,3,3103,,2Story,N,Edwards
12.87694098550679,58.0,14829,8,3425,636.0,1Story,N,Somerst
12.763792351323136,113.0,12559,1,1107,431.0,1.5Fin,Y,NAmes
12.454844956478198,,12913,7,1579,122.0,1Story,Y,CollgCr
11.714175083733034,54.0,12640,1,2654,356.0,2Story,Y,Somerst
13.010899831642668,95.0,3967,7,3753,1850.0,SLvl,Y,Somerst
12.041056482892571,53.0,13442,4,1991,1564.0,1.5Fin,Y,Edwards
12.939502475189778,104.0,12238,3,3769,,,N,Edwards
12.742861294083315,95.0,11523,2,1693,920.0,1Story,N,
11.657977736669366,71.0,5243,6,578,998.0,1Story,Y,Somerst
12.171858976185325,116.0,2340,5,3014,,1.5Fin,N,CollgCr
12.506832578753386,102.0,2630,5,971,808.0,SLvl,Y,CollgCr
12.877068793447416,61.0,2687,6,1498,,,N,NAmes
12.306610048657774,69.0,6178,5,3388,,1Story,N,CollgCr
12.181062482526006,102.0,13834,5,3093,802.0,SLvl,N,CollgCr
11.60838108874252,78.0,8115,6,3568,1860.0,2Story,Y,OldTown
11.669578725015452,54.0,13777,1,1969,1260.0,2Story,Y,NAmes
11.755369556771814,53.0,13168,2,3520,,SLvl,N,CollgCr
12.498257067179372,62.0,3708,9,3636,235.0,,Y,OldTown
12.405189862241528,71.0,10831,1,2890,423.0,1Story,Y,Somerst
13.063882206754256,43.0,9812,6,3722,,1Story,Y,Edwards
11.869515405296257,119.0,11009,1,1864,1051.0,,N,Edwards
12.96514332520277,,13704,5,1462,1847.0,1Story,Y,Edwards
12.210726798139977,99.0,7832,1,3357,1308.0,,Y,Edwards
13.046982287487689,99.0,7345,5,3076,,,N,Edwards
13.057408769714751,,3141,6,3049,1778.0,2Story,Y,Somerst
11.432311760975985,88.0,6009,4,2805,645.0,,N,Somerst
11.573757124176472,77.0,9605,6,1141,1431.0,1Story,Y,Somerst
11.65050241328787,85.0,4282,2,3439,463.0,2Story,Y,NAmes
12.35584087931063,91.0,13654,9,3589,1828.0,1Story,N,CollgCr
13.024384439631278,116.0,3296,9,1300,1668.0,,N,Somerst
12.58439606116526,98.0,10548,9,3865,168.0,SLvl,Y,OldTown
12.111536665955494,111.0,4113,5,3761,1140.0,,Y,Edwards
12.64016084315634,99.0,11342,5,2105,325.0,1Story,Y,NAmes
12.544517934403,71.0,13467,7,1361,1337.0,SLvl,N,OldTown
12.25562442435942,88.0,7575,4,3262,1860.0,1Story,Y,
11.830462412334567,109.0,3958,8,1148,422.0,1.5Fin,Y,NAmes
12.66650562183596,,7827,5,2562,1278.0,1Story,N,Somerst
12.53826430496788,41.0,11171,3,1537,46.0,SLvl,Y,CollgCr
12.925389396222016,111.0,5735,3,3032,1096.0,SLvl,Y,CollgCr
11.52886770939098,,10804,7,3085,,1.5Fin,N,OldTown
11.031011184698658,76.0,3907,7,2334,1969.0,SLvl,Y,Edwards
12.417997501957526,49.0,12082,1,2365,,1Story,Y,NAmes
12.406573781163324,112.0,11215,4,1066,,2Story,N,
13.037643917419786,97.0,3946,4,3880,99.0,1Story,Y,OldTown
11.74367203991084,86.0,5630,6,740,1049.0,1Story,Y,NAmes
12.95229128859926,,14145,8,926,977.0,2Story,N,CollgCr
11.634452593864845,111.0,13627,7,1252,1312.0,SLvl,N,OldTown
11.431910618255952,106.0,8468,4,629,659.0,,N,Somerst
12.243941483773742,97.0,11984,9,3212,,2Story,N,OldTown
12.773914506362807,,8588,4,3494,65.0,1Story,N,OldTown
12.666688598103184,104.0,2389,4,3364,1407.0,2Story,Y,OldTown
12.894797562279532,60.0,10811,1,2763,1298.0,1.5Fin,Y,NAmes
13.092543140991848,72.0,5267,6,2933,86.0,2Story,N,CollgCr
13.039220870312937,104.0,10210,1,3686,1767.0,SLvl,Y,OldTown
11.146748375442591,81.0,8919,3,1108,1062.0,1.5Fin,N,CollgCr
11.018891403844076,108.0,11010,6,656,,1.5Fin,N,OldTown
12.45182664323043,55.0,14500,2,1723,266.0,2Story,Y,NAmes
12.880610236840948,87.0,14112,2,2762,386.0,,N,CollgCr
12.941872144545096,50.0,12233,8,1605,1501.0,1.5Fin,Y,Somerst
12.7401478900549,113.0,10120,4,3504,1687.0,2Story,Y,Edwards
11.334097797430529,60.0,14903,7,3864,514.0,2Story,N,NAmes
12.97900326938832,102.0,4606,4,829,810.0,SLvl,N,Somerst
12.191080827710936,114.0,6956,9,2427,780.0,,Y,Edwards
11.32719811504144,118.0,9151,2,2865,1069.0,,N,CollgCr
12.277383495095645,56.0,2580,9,718,1564.0,,Y,NAmes
12.497342025891983,77.0,14150,2,1062,,1Story,N,NAmes
12.960646479134684,,10088,1,2101,753.0,,N,CollgCr
12.44001765053824,60.0,14070,7,783,,1.5Fin,N,OldTown
12.987452748356098,79.0,11890,9,3914,372.0,2Story,Y,
13.084123463110558,56.0,8474,2,1652,1919.0,1Story,N,Edwards
12.245197200214225,93.0,6426,6,3070,473.0,,Y,OldTown
11.939923728290813,101.0,10259,6,1015,1202.0,1Story,N,
12.03690223211317,56.0,4787,7,676,1269.0,SLvl,Y,Somerst
12.448261674830254,93.0,11777,9,3072,1182.0,SLvl,Y,Edwards
11.721815921806328,65.0,2112,9,3578,432.0,SLvl,N,Somerst
12.044341640832227,69.0,7565,6,2994,114.0,1.5Fin,N,Somerst
12.75266977152402,110.0,12004,5,1530,687.0,2Story,N,NAmes
12.841654270555708,41.0,4158,3,1980,1968.0,2Story,Y,CollgCr
12.637663485164492,75.0,2674,4,2459,81.0,1Story,Y,
13.09530251271742,60.0,10224,2,1769,235.0,SLvl,Y,OldTown
12.543183963609607,80.0,7287,6,3401,814.0,1Story,N,CollgCr
12.528663262470143,64.0,2910,2,1945,348.0,,N,OldTown
12.961776697556306,93.0,14098,7,2558,,2Story,Y,NAmes
12.337771735513016,115.0,13528,3,1098,66.0,SLvl,N,OldTown
13.117306613497474,72.0,5363,1,3082,,1.5Fin,Y,
11.917930467245936,53.0,9537,8,937,1970.0,1Story,Y,Edwards
12.99887509775008,41.0,3855,5,1992,,,Y,Edwards
11.265079301015646,85.0,2423,7,720,432.0,1.5Fin,N,Edwards
11.243279755004544,88.0,13372,1,670,,1.5Fin,Y,CollgCr
47.84917047746208,96.0,3151,2,11430,1495.0,2Story,Y,
12.09136300714624,104.0,5637,3,3137,847.0,1Story,N,Edwards
50.879511304020625,97.0,8796,7,11796,1254.0,1Story,N,
11.04688198397613,,8530,2,2538,1468.0,,Y,NAmes
12.209740909216595,53.0,11449,2,3379,559.0,1Story,N,OldTown
12.218416150061412,98.0,9986,5,1290,121.0,1.5Fin,N,CollgCr
11.845533100775002,68.0,9084,7,1577,1272.0,2Story,Y,Edwards
12.171077392532911,45.0,12128,2,2105,1439.0,2Story,N,Edwards
12.873006745674164,105.0,10275,4,3330,1743.0,2Story,Y,NAmes
11.674585025316087,99.0,9361,1,725,,1Story,N,Somerst
12.477183165138188,92.0,13261,1,1691,18.0,,N,
12.148332297693594,76.0,13684,5,1058,1395.0,SLvl,Y,OldTown
12.623298326202963,51.0,5828,7,2852,276.0,SLvl,N,NAmes
12.124732429790326,64.0,7433,1,990,508.0,,Y,NAmes
12.522826751285285,58.0,4235,7,3168,1908.0,1.5Fin,N,CollgCr
12.354022712658676,51.0,5628,2,3233,666.0,2Story,N,OldTown
11.354539160871298,,8207,9,3699,,SLvl,N,NAmes
12.318096909020262,71.0,2593,2,886,492.0,,Y,NAmes
12.3154739860475,83.0,13363,8,1359,,1.5Fin,N,
12.54605656610816,42.0,6318,5,3598,1916.0,2Story,N,NAmes
12.929334299160749,111.0,7374,3,3780,1027.0,SLvl,Y,Edwards
11.45904989200091,64.0,12265,1,3701,,2Story,N,
11.901576675078012,107.0,8744,2,1678,1996.0,2Story,Y,OldTown
12.216216027054791,41.0,4120,2,2224,1884.0,1.5Fin,Y,NAmes
12.793820420787211,83.0,11802,6,772,1721.0,,Y,CollgCr
12.806180316362148,71.0,3815,4,3157,631.0,,Y,
12.962281475939973,114.0,4230,5,1468,696.0,1.5Fin,Y,
12.226458436086933,73.0,7451,4,1574,166.0,SLvl,N,CollgCr
11.387951637428262,54.0,13738,4,1438,1398.0,2Story,N,Edwards
13.119264581090578,106.0,9922,8,963,39.0,1.5Fin,Y,Edwards
12.998519763488837,90.0,3481,5,3655,830.0,SLvl,N,NAmes
12.781944161699164,85.0,7409,3,3780,981.0,,N,OldTown
11.582964455750204,116.0,4007,7,3754,,SLvl,N,Edwards
12.441445117856953,76.0,12559,7,3303,1531.0,SLvl,Y,
12.997912913767411,98.0,8629,3,994,1507.0,,N,Somerst
13.064323163127922,52.0,6033,6,690,1638.0,2Story,Y,CollgCr
11.792857583961949,87.0,13944,3,585,25.0,2Story,N,NAmes
13.120311273278196,90.0,9833,9,2006,1628.0,,N,Somerst
13.09833294552391,118.0,4454,1,3018,,1.5Fin,Y,CollgCr
12.408115126936329,108.0,10078,2,2315,1748.0,1Story,N,OldTown
13.111852329378664,,11094,1,1396,,SLvl,Y,CollgCr
12.637059290868416,57.0,11653,1,693,1561.0,,N,
12.13437254136496,94.0,2508,9,3907,453.0,2Story,N,Edwards
12.810861178302266,59.0,14327,8,1666,1865.0,,Y,OldTown
11.231702487579186,105.0,13948,8,3885,804.0,1.5Fin,N,
12.82682922456475,109.0,4005,5,3728,1252.0,1.5Fin,Y,
12.43919425008556,80.0,5451,4,824,1602.0,SLvl,Y,Somerst
12.69069699424667,100.0,14328,4,1875,1622.0,SLvl,N,CollgCr
11.745654924308027,95.0,3228,4,3995,1238.0,1Story,N,OldTown
13.098138305499775,107.0,3519,7,3415,513.0,SLvl,N,
12.2256154351499,62.0,7093,4,3586,1552.0,2Story,N,NAmes
12.449038431791468,78.0,4384,2,3085,1800.0,,Y,Edwards
11.749506329847764,66.0,4800,4,1393,1542.0,,Y,OldTown
12.92258961291264,68.0,9133,4,1537,1827.0,,N,NAmes
12.761519756593376,107.0,9951,9,561,1250.0,1Story,N,
11.598965537062613,56.0,3715,9,3486,972.0,,Y,Somerst
12.829344422429042,42.0,12507,3,1287,193.0,2Story,Y,Edwards
11.064933785375604,43.0,5690,7,1832,,SLvl,N,
12.84537327491485,48.0,12459,9,1637,,2Story,Y,Somerst
12.98954715755421,98.0,5868,1,1646,,1.5Fin,Y,CollgCr
11.728399681979532,105.0,6596,7,2548,1723.0,1Story,Y,CollgCr
11.149671785671284,89.0,3439,1,728,614.0,SLvl,N,Edwards
12.960601808095731,102.0,2882,1,3557,145.0,2Story,Y,Edwards
12.341324432427443,94.0,7571,7,3585,1600.0,1Story,Y,OldTown
13.10255447008843,47.0,7973,7,679,1167.0,1.5Fin,N,OldTown
12.4335149439771,107.0,7085,1,3528,,1.5Fin,N,OldTown
12.267252407345527,47.0,3227,8,2981,,SLvl,N,CollgCr
12.552732101493058,65.0,2913,4,2838,1932.0,,Y,OldTown
12.435102836533057,109.0,13350,8,3703,28.0,1Story,Y,CollgCr
12.5424163024568,63.0,14336,7,3650,394.0,SLvl,Y,
12.39409873383424,103.0,3474,9,1045,1262.0,2Story,N,
12.541826767225716,45.0,6494,4,1484,1240.0,1Story,Y,NAmes
12.64900051223817,115.0,12135,1,3312,649.0,1Story,N,NAmes
13.093338192763584,59.0,14991,1,1633,455.0,2Story,N,CollgCr
11.432430988597911,85.0,8614,6,1744,833.0,,Y,CollgCr
12.93219995338471,54.0,7037,4,1857,636.0,1Story,N,CollgCr
11.361346475510787,44.0,9982,4,1663,1052.0,2Story,Y,Somerst
12.482521865048826,71.0,6928,3,1473,821.0,SLvl,Y,CollgCr
12.405247222364787,47.0,2359,1,3669,,,Y,Somerst
12.33372680098182,46.0,14972,2,2344,897.0,1Story,N,
12.840711089209526,106.0,5253,6,3338,74.0,1.5Fin,Y,Edwards
11.697577637102466,108.0,10501,4,3672,1092.0,,Y,OldTown
13.024792444021331,99.0,14721,5,3325,,2Story,N,OldTown
12.403594753023809,46.0,5277,8,913,452.0,2Story,N,Somerst
12.032314319396706,78.0,14001,3,1239,,1.5Fin,N,Edwards
12.655934152357782,111.0,13565,2,3902,1687.0,1.5Fin,Y,
12.434136074374724,99.0,2946,3,3520,670.0,2Story,Y,Edwards
11.330467898927434,107.0,10386,8,1532,429.0,SLvl,N,Edwards
11.019661397083242,66.0,5313,2,891,1840.0,,Y,
12.888214488913436,65.0,14458,4,1903,61.0,2Story,Y,CollgCr
11.49377322612562,58.0,9470,5,3420,,,Y,OldTown
11.912010262114103,71.0,5516,1,3315,,SLvl,Y,Edwards
12.893189178232769,43.0,5674,6,2407,1311.0,,Y,OldTown
11.945194775830444,41.0,4016,4,986,1617.0,1.5Fin,N,NAmes
11.849954689302123,49.0,11786,3,3438,693.0,2Story,Y,NAmes
13.037049467991997,68.0,11324,1,1712,1612.0,1.5Fin,N,
12.157727632266374,104.0,6552,3,942,1052.0,,N,NAmes
12.35375962342894,93.0,5864,4,2133,,2Story,Y,NAmes
12.911383053215925,77.0,7546,8,3699,1850.0,1Story,Y,Somerst
11.780208382238442,95.0,13680,4,1817,1853.0,1Story,N,CollgCr
11.952843528258771,57.0,7223,7,921,1468.0,,Y,Edwards
12.186864341588876,67.0,5764,2,1015,,2Story,Y,
12.00243143133152,87.0,4841,6,3048,1962.0,SLvl,N,NAmes
12.011231038981787,118.0,3696,2,3067,985.0,SLvl,N,OldTown
12.310657860720248,75.0,11748,2,3205,702.0,1.5Fin,Y,OldTown
11.500417566327018,96.0,7867,1,3101,1334.0,1.5Fin,N,
12.980875847058243,98.0,8142,8,2456,1982.0,1.5Fin,N,NAmes
12.096151747116016,59.0,5119,2,2472,1081.0,1Story,Y,Edwards
12.545700611880116,94.0,4504,6,3387,1176.0,2Story,N,Somerst
11.551434386398334,62.0,10307,5,1516,920.0,SLvl,N,OldTown
12.479844670287456,76.0,14000,3,1878,1738.0,2Story,Y,CollgCr
12.95593091767416,99.0,8534,2,3368,805.0,1Story,N,OldTown
11.543347971781476,53.0,6493,4,1495,259.0,1.5Fin,Y,OldTown
13.072998748261483,64.0,7686,9,555,535.0,2Story,Y,
12.931195607994267,100.0,10767,4,3050,1324.0,1.5Fin,Y,Somerst
12.936814217498815,118.0,10365,6,1851,438.0,,N,OldTown
12.48885397895347,103.0,13196,6,1598,769.0,1.5Fin,N,NAmes
13.0164360344636,71.0,12039,4,1046,,,N,
12.164901631776456,106.0,5970,1,2369,1530.0,,Y,OldTown
12.217027422253697,44.0,7845,9,1504,1448.0,1.5Fin,Y,
11.35104162787622,59.0,13757,2,1259,495.0,2Story,N,NAmes
12.829735762559531,107.0,12704,6,1533,1862.0,1.5Fin,N,OldTown
12.873206904775651,77.0,13307,5,842,,1Story,Y,Somerst
12.410404358554633,53.0,2392,7,1598,722.0,2Story,N,OldTown
12.025060231434846,61.0,10353,8,3642,269.0,1.5Fin,Y,Edwards
12.912103967919982,,9929,5,2659,154.0,1.5Fin,N,NAmes
12.603891932029448,50.0,2405,3,1071,1131.0,SLvl,N,Somerst
11.651704315573332,71.0,4274,6,3663,991.0,2Story,N,Somerst
13.047003853155148,64.0,14188,1,3842,579.0,1Story,N,Somerst
12.792091081369644,114.0,12743,1,570,392.0,1Story,Y,OldTown
13.021643189862674,77.0,2451,6,3075,168.0,2Story,N,Somerst
12.755889148347304,80.0,12016,9,3244,883.0,,Y,
12.972377346707844,46.0,11889,7,777,1075.0,1Story,Y,NAmes
12.303920511773724,110.0,6958,9,2010,,2Story,Y,CollgCr
12.403836848504984,88.0,2660,1,1437,,2Story,N,CollgCr
12.964129372139434,,4207,5,3640,642.0,2Story,Y,Edwards
13.012486009443917,119.0,4792,9,3927,1115.0,,N,OldTown
11.287491793331135,60.0,11689,1,971,,2Story,N,Edwards
12.8395706658563,52.0,10392,6,1203,,2Story,Y,
12.26377063599469,108.0,6946,9,3107,199.0,1Story,Y,OldTown
11.329915671395664,91.0,3932,7,1251,541.0,2Story,Y,CollgCr
12.834102470793708,75.0,8687,4,2991,1753.0,SLvl,Y,
11.166625090030037,66.0,2386,7,615,1089.0,,Y,Somerst
11.290494159948397,43.0,8218,5,2011,452.0,1Story,Y,Somerst
12.866360834208336,58.0,7416,7,1493,1216.0,SLvl,N,CollgCr
13.008509114005353,92.0,8420,3,1635,277.0,1Story,N,OldTown
12.966319907379372,65.0,3884,7,616,1951.0,SLvl,Y,Edwards
12.42124450718901,86.0,5450,7,1565,301.0,2Story,Y,Somerst
12.255667247957131,111.0,2699,3,781,1114.0,,Y,NAmes
12.10720765486591,67.0,14364,1,2067,1434.0,1Story,Y,NAmes
12.794978128766026,109.0,8426,8,3050,1521.0,2Story,Y,NAmes
11.14816074398844,92.0,4172,3,3508,771.0,,N,OldTown
11.36291619764352,75.0,13837,4,3024,1649.0,,N,Somerst
12.179877529746989,99.0,5156,9,1373,1622.0,,Y,Somerst
13.001670361860429,107.0,5408,5,1969,,2Story,N,OldTown
11.56850207285897,114.0,8574,5,3683,1467.0,1Story,Y,Somerst
11.127380624297194,,2692,7,556,1074.0,SLvl,Y,Somerst
13.06579090951158,62.0,6200,3,2637,758.0,SLvl,N,Edwards
12.486072787362476,69.0,3673,6,3857,1597.0,,N,CollgCr
12.253180442932967,97.0,12642,7,1496,964.0,2Story,N,
12.612144236357176,85.0,8274,5,3608,1812.0,2Story,N,NAmes
13.08118923755485,98.0,8689,5,1684,1933.0,,N,CollgCr
12.152007090925176,113.0,4624,2,2648,,1Story,N,CollgCr
12.237576157539047,59.0,6591,9,3646,,SLvl,Y,
13.103502626403376,94.0,10547,6,1223,1092.0,1Story,N,Somerst
11.331643367750935,87.0,2948,5,2681,306.0,1Story,Y,OldTown
13.071476316282345,96.0,3750,8,3596,1070.0,1.5Fin,Y,NAmes
12.78483258070604,75.0,11242,5,1219,510.0,,N,OldTown
13.003433434300966,48.0,9161,5,1796,454.0,1.5Fin,Y,Somerst
12.173316988790182,100.0,13065,1,3651,1521.0,1Story,N,
12.243132371585697,88.0,6307,6,2847,,2Story,Y,NAmes
12.3204365091409,83.0,13439,1,812,503.0,1.5Fin,N,Edwards
12.481201251910337,108.0,6208,2,3629,987.0,2Story,N,CollgCr
12.833082694522178,119.0,11127,3,2887,611.0,SLvl,N,NAmes
12.846881248742529,70.0,5211,6,3940,,1.5Fin,Y,OldTown
12.458359378747176,85.0,8439,5,1891,446.0,1Story,N,CollgCr
11.792638367772332,94.0,13486,5,1961,,2Story,N,Edwards
11.06687270988028,64.0,5155,6,2771,1602.0,SLvl,Y,Somerst
12.000253162224158,47.0,6117,9,3733,,SLvl,N,CollgCr
12.896049806884296,88.0,12744,9,3410,,2Story,Y,OldTown
12.419686937328237,97.0,9939,7,3256,987.0,1Story,Y,CollgCr
12.619353795314526,,4369,4,1095,657.0,1.5Fin,Y,Edwards
12.14392592841419,88.0,7394,1,3477,1169.0,SLvl,Y,CollgCr
11.63060182827065,79.0,9262,7,3215,1231.0,1Story,Y,
12.81056346048466,76.0,8139,8,3653,96.0,SLvl,Y,Edwards
12.74389262109514,50.0,14091,8,654,67.0,1.5Fin,N,NAmes
12.982425219504126,108.0,2193,9,3295,1509.0,SLvl,N,Somerst
12.144989481099142,90.0,4780,7,2579,1570.0,2Story,Y,
12.200446850378606,114.0,2442,9,2140,1210.0,1Story,Y,
12.564295890232431,113.0,6523,1,2620,594.0,2Story,Y,
12.188941745988748,69.0,12412,6,1925,1050.0,1Story,Y,OldTown
12.880077780561752,107.0,3517,9,2832,460.0,1Story,Y,NAmes
50.11822934593784,108.0,3842,3,3567,729.0,SLvl,Y,
11.510422334752109,53.0,6402,2,3194,203.0,,N,CollgCr
11.177942119400434,79.0,13749,4,3209,,1.5Fin,Y,CollgCr
12.524089917778028,112.0,3524,3,679,811.0,SLvl,N,
12.121908121497414,92.0,13116,4,3360,1319.0,,Y,
11.209222405797602,40.0,5747,6,3640,,,N,OldTown
12.017155384824916,41.0,14180,6,3085,1704.0,1.5Fin,N,Somerst
12.455936021543764,75.0,8788,1,3139,1407.0,1Story,N,NAmes
13.097258880001052,50.0,3676,7,3453,69.0,1.5Fin,Y,OldTown
12.746948213043892,105.0,2703,1,610,1509.0,1.5Fin,N,CollgCr
12.801934947851574,40.0,12785,2,1418,1520.0,SLvl,N,NAmes
12.960376071275688,64.0,6579,2,3112,1661.0,1Story,N,Somerst
12.470557736377751,56.0,5711,5,2800,155.0,SLvl,Y,Edwards
12.972618975659886,71.0,6072,8,2353,870.0,1.5Fin,Y,
12.970609822176792,50.0,2987,4,2394,533.0,1.5Fin,Y,Somerst
12.657403009510288,42.0,12058,3,3122,,2Story,Y,
12.798429407169222,42.0,4326,4,2440,210.0,,N,NAmes
12.058627764823518,52.0,9888,5,634,,1.5Fin,N,
11.479048050934264,93.0,2972,6,3166,578.0,SLvl,Y,OldTown
13.04481472365772,84.0,12523,5,3419,,1.5Fin,Y,Somerst
11.00421427088809,89.0,10463,6,2206,1008.0,SLvl,N,
13.05265525018297,65.0,7776,9,2259,1920.0,,Y,
12.726751565738676,106.0,14936,1,3011,754.0,SLvl,N,NAmes
12.529803338055768,118.0,6690,9,1367,473.0,SLvl,N,Somerst
12.276987668499777,105.0,13590,5,2758,839.0,SLvl,N,Somerst
13.023102001897092,106.0,8971,1,647,68.0,1.5Fin,Y,OldTown
12.140520277289935,71.0,4451,6,3846,652.0,,Y,OldTown
11.683486470116224,41.0,5008,7,3981,,2Story,N,OldTown
12.59004169329345,81.0,14046,2,746,467.0,1Story,Y,CollgCr
12.762486168827603,,9804,6,1691,593.0,2Story,N,
12.52191934492912,,8816,4,773,1061.0,SLvl,N,Somerst
11.93337113536762,60.0,4179,6,1711,1153.0,2Story,Y,NAmes
12.607857657048571,42.0,6213,7,897,1681.0,SLvl,N,Somerst
12.178233713463673,53.0,14743,3,1398,1872.0,,N,Edwards
13.0380857149553,71.0,9557,2,3351,,1.5Fin,Y,OldTown
12.36460940670987,65.0,5802,8,2416,,1.5Fin,N,CollgCr
12.1546846098127,63.0,2282,1,674,1194.0,SLvl,N,NAmes
12.010896825549985,47.0,14424,2,976,1689.0,2Story,N,NAmes
12.42684538869838,59.0,2006,8,2857,81.0,,N,Edwards
11.62618271915466,105.0,2340,7,925,,1.5Fin,N,Somerst
12.21953166521433,69.0,5866,9,737,707.0,2Story,Y,CollgCr
12.98761066784724,119.0,11165,3,2205,1945.0,2Story,N,Edwards
12.584221368632235,109.0,12886,6,2592,1244.0,SLvl,N,NAmes
12.966072074744623,66.0,4466,3,2308,1969.0,1.5Fin,N,Edwards
12.38600384770149,69.0,3159,8,2817,991.0,2Story,Y,CollgCr
12.901459815439717,54.0,5167,8,2915,275.0,1.5Fin,Y,NAmes
12.37196836724226,99.0,13613,3,946,1832.0,SLvl,N,OldTown
11.938657145023187,94.0,9927,9,3757,1958.0,2Story,N,NAmes
12.497293449280118,52.0,4368,4,2244,1999.0,1.5Fin,N,OldTown
12.18334123352808,59.0,10707,7,3838,1665.0,1Story,N,Somerst
12.965562188078106,107.0,12410,4,3234,49.0,1.5Fin,Y,
11.9673902391103,109.0,3307,9,3068,,1Story,Y,NAmes
12.483181518186194,84.0,8628,5,3077,178.0,1Story,Y,
12.92411729574463,63.0,3787,8,3381,1233.0,1.5Fin,Y,NAmes
11.211644681077852,,11087,9,3162,1926.0,1Story,N,CollgCr
12.363456663908542,52.0,14649,9,1478,508.0,SLvl,Y,Somerst
12.127370289184327,111.0,6020,8,2451,1607.0,SLvl,Y,Edwards
12.840851563030604,58.0,6538,9,2296,422.0,SLvl,Y,Edwards
12.801540842885023,97.0,2824,6,3715,,1Story,Y,OldTown
12.511455874027478,84.0,12449,1,1270,797.0,SLvl,N,NAmes
13.09551208654365,88.0,4240,3,3564,648.0,2Story,Y,Edwards
12.610507222823813,69.0,11198,5,1730,,1Story,N,
12.018929483457002,92.0,6008,3,1840,531.0,2Story,N,
11.361474471042754,114.0,3829,1,941,742.0,1Story,N,Somerst
12.992010926585822,55.0,6444,5,3131,445.0,2Story,Y,CollgCr
12.734239045192004,72.0,5273,6,1256,513.0,SLvl,Y,
12.19459705205515,44.0,14812,3,1834,1612.0,1.5Fin,Y,Edwards
12.98155068318275,43.0,14200,1,2701,1755.0,1.5Fin,N,NAmes
11.602839292439027,99.0,9818,5,2077,1333.0,2Story,N,OldTown
12.208609425182145,111.0,4130,8,2426,,SLvl,Y,OldTown
11.930753832061791,64.0,13308,2,3128,1945.0,1Story,N,OldTown
11.78433332793195,59.0,8068,1,3685,831.0,SLvl,N,Edwards
12.43389722372292,114.0,6888,5,2997,,SLvl,Y,CollgCr
11.212644356941931,100.0,12152,4,3445,1233.0,1.5Fin,Y,Edwards
12.982807013896386,76.0,4426,9,2195,230.0,1.5Fin,Y,Somerst
13.099068138033076,62.0,4490,1,1085,1417.0,1.5Fin,N,Somerst
13.000365220593478,117.0,13410,7,2913,1849.0,2Story,N,
12.6781678359361,90.0,8593,8,1255,964.0,SLvl,Y,Edwards
12.784983929391275,91.0,13365,3,2744,312.0,1Story,Y,Somerst
13.013329456380191,103.0,5109,8,3497,,SLvl,N,Edwards
12.543105439295584,82.0,12386,6,3984,524.0,SLvl,Y,Edwards
12.356658407152109,116.0,3589,6,2621,1506.0,,Y,Edwards
12.669023336174993,75.0,9544,1,3087,1250.0,1Story,Y,NAmes
12.619142100498271,74.0,9718,5,1912,,2Story,Y,OldTown
13.082732340079597,84.0,14641,4,2543,175.0,,Y,NAmes
12.549300582362598,46.0,6781,4,1273,697.0,,N,Somerst
12.13306099527285,83.0,5976,8,3804,1782.0,2Story,N,Somerst
12.069960783499296,61.0,9833,5,1949,737.0,1Story,Y,Somerst
12.756111290112168,93.0,8696,8,1692,138.0,,Y,Somerst
12.916229340589677,119.0,7102,6,1365,1477.0,,N,OldTown
12.924841275470694,70.0,5423,1,1516,672.0,,N,NAmes
13.108165056604436,79.0,11783,6,1880,15.0,2Story,N,Somerst
11.878103157867375,56.0,2276,9,501,,1Story,Y,Edwards
12.99110824926584,47.0,3900,3,1498,1945.0,1Story,Y,OldTown
13.121224729390656,76.0,6492,8,2762,472.0,2Story,N,OldTown
12.817697899912131,117.0,9094,6,2794,180.0,1Story,N,CollgCr
12.743363943230191,80.0,4217,9,2776,,1.5Fin,N,Edwards
12.092074936476685,88.0,4723,9,1501,1185.0,2Story,Y,Edwards
12.694204707272108,87.0,7242,8,1116,576.0,,N,OldTown
12.69452074980854,103.0,14015,7,3452,718.0,2Story,Y,OldTown
12.595960387341464,42.0,3998,3,2373,,2Story,Y,NAmes
12.205017088625947,92.0,6669,2,1858,1580.0,1.5Fin,Y,
12.78972020056798,119.0,5489,6,1365,736.0,,Y,NAmes
12.66487312822678,69.0,13849,6,1055,1137.0,1Story,Y,
12.52109504180152,95.0,4780,6,3518,614.0,,N,NAmes
12.043236018513062,,5273,2,2946,672.0,2Story,Y,NAmes
11.201292171695934,70.0,9263,6,1271,1340.0,1Story,Y,CollgCr
11.785361911206444,97.0,12179,3,2255,197.0,,N,CollgCr
12.44519977614558,58.0,2475,7,1772,391.0,1.5Fin,Y,Edwards
12.542298423211449,107.0,14935,8,3522,536.0,1.5Fin,N,NAmes
12.381508047086172,89.0,2115,1,560,1521.0,1.5Fin,Y,CollgCr
12.705468194161243,84.0,9616,1,2249,331.0,2Story,Y,
12.962968973254016,102.0,5807,4,727,1125.0,SLvl,Y,NAmes
12.892945181617325,84.0,12037,8,1339,254.0,1Story,N,Edwards
11.70873892861248,83.0,8465,8,1169,1794.0,SLvl,N,NAmes
12.888348446201483,92.0,6493,7,2595,1607.0,SLvl,Y,NAmes
11.37768976369358,74.0,12101,5,3869,1412.0,,Y,CollgCr
13.03295276090365,85.0,13030,3,828,1316.0,,Y,Somerst
12.708473883596268,86.0,8049,3,1658,257.0,1.5Fin,Y,Somerst
12.1689832594848,103.0,7679,4,3852,1153.0,SLvl,Y,CollgCr
12.665672341060516,107.0,3356,2,2444,813.0,SLvl,Y,OldTown
11.19364264024856,83.0,8763,8,1312,1577.0,SLvl,Y,OldTown
12.762824335850944,100.0,9950,1,3659,787.0,2Story,Y,OldTown
12.045134818372247,74.0,3577,9,1842,54.0,1Story,Y,NAmes
12.559496811410728,113.0,14236,8,3062,661.0,2Story,Y,NAmes
12.982436721464635,88.0,13120,8,1347,,,N,Edwards
12.84591398156566,41.0,10418,3,3415,909.0,SLvl,N,CollgCr
12.990798050804765,64.0,9167,8,1670,1015.0,2Story,N,NAmes
12.959324312659666,119.0,14306,7,628,1564.0,1Story,N,NAmes
12.69980500834997,,6976,9,3498,,,Y,OldTown
12.721611146224667,78.0,13715,3,2216,1835.0,1Story,N,Edwards
13.02901048087078,92.0,12852,5,3169,1808.0,1.5Fin,N,Edwards
11.811109696188163,115.0,7744,9,3140,922.0,1Story,N,Somerst
12.472903841464484,103.0,12366,1,1962,845.0,1.5Fin,N,CollgCr
13.03010334117903,110.0,8871,5,1459,550.0,2Story,N,Edwards
11.612309154936746,110.0,11968,5,2854,715.0,,Y,Somerst
12.338109171397925,101.0,9156,2,566,1486.0,,Y,Edwards
12.945988901616111,63.0,13606,2,2238,1823.0,1Story,N,CollgCr
12.733876323002258,101.0,9069,5,2995,,SLvl,N,OldTown
12.673507352919884,47.0,11259,1,3205,1729.0,1Story,Y,CollgCr
12.472861721449238,44.0,6968,4,907,1888.0,1Story,Y,Somerst
12.13421137841275,,4352,6,3421,1134.0,,Y,CollgCr
12.870722610166371,111.0,11649,3,2872,127.0,1.5Fin,N,OldTown
11.595021447846133,45.0,9329,9,2479,1261.0,2Story,Y,
47.680835675540706,109.0,6648,7,8160,,2Story,N,
11.630966245185409,74.0,12576,9,2560,1802.0,,N,
13.100097318350157,69.0,6135,7,1087,146.0,1.5Fin,N,NAmes
12.360581832514631,,14449,8,3674,627.0,,N,OldTown
12.940608859813253,113.0,6154,4,2708,992.0,1Story,N,CollgCr
12.649132145047036,117.0,5835,9,692,1438.0,1.5Fin,N,CollgCr
12.094442516858752,111.0,11101,3,3228,1025.0,2Story,N,OldTown
12.650745646196617,115.0,7108,6,2373,,SLvl,N,CollgCr
12.252498111240817,76.0,4822,9,3397,478.0,,N,Somerst
12.668003149619096,113.0,11277,7,1592,,2Story,N,NAmes
11.330083772929386,59.0,10556,5,3172,1728.0,SLvl,Y,NAmes
12.425770266440082,97.0,5667,2,3338,116.0,SLvl,Y,
12.124016245070877,64.0,12102,3,3846,1556.0,SLvl,Y,CollgCr
12.543205378261511,68.0,5420,4,3361,1430.0,SLvl,N,Edwards
11.818231322175558,81.0,13498,1,3591,280.0,1.5Fin,N,Somerst
12.866954865502844,78.0,9256,9,706,1348.0,2Story,N,NAmes
13.078204571917375,50.0,12719,8,2134,,SLvl,Y,OldTown
12.177755472148393,42.0,9597,1,764,1934.0,1Story,N,Somerst
12.333942416377594,,5825,1,3116,628.0,1Story,Y,
12.16522460900416,55.0,6570,6,2298,654.0,SLvl,Y,NAmes
12.768096959208853,49.0,2232,9,1045,,SLvl,Y,
12.369041473808313,85.0,11168,8,806,,,Y,CollgCr
12.189297730085103,72.0,5321,7,3793,,2Story,N,NAmes
13.035621782202137,107.0,4204,8,2640,1714.0,,N,Edwards
12.61098426715962,95.0,8344,8,3854,1893.0,2Story,N,NAmes
13.063373169205988,99.0,9374,4,1691,528.0,,N,
12.39171783958426,60.0,12081,9,3328,1813.0,1Story,N,Somerst
12.145143602382266,54.0,13254,1,2967,1023.0,1Story,Y,Edwards
11.07827353542708,42.0,4092,8,3141,535.0,SLvl,Y,Somerst
12.43060722891052,79.0,11495,7,2358,969.0,SLvl,Y,
11.313986602352836,53.0,7075,9,1962,,1Story,N,
12.130820942642664,61.0,7520,1,3245,496.0,SLvl,Y,Somerst
12.610303659123524,57.0,7906,3,2251,94.0,,Y,Somerst
12.4303355701123,,9423,3,1167,,SLvl,Y,Somerst
11.051715061746432,85.0,14966,2,1420,1614.0,2Story,N,NAmes
12.181938751827332,110.0,8361,6,3776,1379.0,,Y,CollgCr
12.85503541414156,94.0,4953,2,1539,613.0,1Story,N,CollgCr
13.001636512932704,71.0,12758,8,902,,2Story,Y,
12.715272949178724,83.0,11428,8,1217,1680.0,SLvl,Y,OldTown
13.083973838729817,63.0,4972,7,3551,,,N,CollgCr
12.056975010872854,103.0,7463,6,2077,,1Story,Y,Somerst
12.651969271932671,98.0,4416,8,2206,1465.0,1Story,Y,CollgCr
12.740813018453592,78.0,13156,7,600,1025.0,2Story,Y,OldTown
13.073824181739669,54.0,6658,5,2222,183.0,1.5Fin,Y,
12.734949363553538,81.0,13424,1,3402,772.0,1.5Fin,N,
12.633713380136944,54.0,6160,4,2746,949.0,2Story,Y,Edwards
12.865220855876302,49.0,5607,8,2376,1968.0,,Y,
11.839260781903088,51.0,9480,7,3006,,1Story,N,CollgCr
12.88019244821044,85.0,9446,5,1061,1114.0,1Story,N,
11.984403007471965,80.0,3054,8,3961,492.0,1.5Fin,Y,OldTown
13.024247665773403,62.0,13594,5,2329,351.0,SLvl,N,
12.88781503802668,72.0,8680,1,1888,,2Story,Y,CollgCr
12.773721793733582,97.0,9291,6,864,781.0,1.5Fin,N,Edwards
11.524438929928118,,3422,8,3544,943.0,SLvl,Y,Somerst
12.754494586910017,102.0,4307,7,843,177.0,2Story,Y,OldTown
12.538852358884986,96.0,4292,4,3661,824.0,2Story,Y,OldTown
12.835142531904376,100.0,4708,1,1267,610.0,1.5Fin,Y,OldTown
11.92104039253712,67.0,9032,3,1206,1789.0,2Story,N,CollgCr
12.122799726336352,60.0,14198,2,1466,1359.0,1.5Fin,Y,Edwards
11.969273783392962,64.0,10858,2,3735,1122.0,SLvl,Y,OldTown
12.937851423441064,53.0,5170,2,969,,SLvl,Y,OldTown
12.88567602143682,112.0,13992,1,1496,691.0,1Story,Y,CollgCr
11.53189441151783,93.0,4524,9,3738,818.0,1.5Fin,Y,
11.651974109530716,52.0,12867,3,1920,1047.0,1Story,Y,NAmes
12.256114407077115,110.0,9980,4,3210,395.0,1Story,Y,Somerst
12.402469676428677,115.0,10016,3,3208,,1Story,Y,
12.932490178601514,98.0,7569,4,918,744.0,2Story,N,NAmes
12.807855351741734,60.0,11171,3,1361,600.0,1.5Fin,Y,CollgCr
12.089729822269854,43.0,3994,4,713,1858.0,,N,NAmes
12.491698856145472,58.0,14938,1,3141,,,N,OldTown
12.888747684117206,89.0,11915,4,3583,1588.0,SLvl,N,CollgCr
11.947800496924184,116.0,13411,5,839,,2Story,Y,CollgCr
13.057338337935905,75.0,10458,7,1934,1253.0,SLvl,Y,NAmes
11.424662395849836,105.0,7110,2,2284,1869.0,1Story,N,NAmes
12.870822923581574,43.0,13546,3,754,1743.0,1.5Fin,Y,Somerst
11.086563531149078,71.0,9618,8,2065,1948.0,,Y,Somerst
12.204271023583544,51.0,11821,8,1802,232.0,SLvl,N,
12.605566628567544,47.0,13617,2,2507,1095.0,SLvl,Y,
11.217184338739433,72.0,4819,5,678,1471.0,2Story,N,NAmes
12.968050684453653,57.0,9241,5,1485,1603.0,2Story,Y,
13.044754206277329,114.0,13768,3,3186,1013.0,2Story,Y,
13.016871742039578,103.0,14692,4,1435,332.0,,N,OldTown
12.68348625295092,85.0,14098,1,1240,945.0,1Story,Y,
12.61812931482106,112.0,8217,2,3123,1984.0,2Story,Y,Edwards
12.204321112491368,46.0,2406,2,3599,,1Story,Y,
12.268610729627108,78.0,10472,8,2261,724.0,,N,Edwards
12.070172735896728,95.0,3140,4,2507,1369.0,SLvl,Y,
12.590797486895651,69.0,7906,1,3144,1691.0,1.5Fin,N,OldTown
12.23983618768298,93.0,7879,5,1664,579.0,1Story,Y,OldTown
12.788469813147854,84.0,10438,9,1191,,1Story,Y,OldTown
12.634492271250522,83.0,14869,7,750,914.0,SLvl,N,CollgCr
11.766334364979745,,3460,3,2834,1789.0,SLvl,N,Edwards
12.958933444833942,101.0,9703,6,3825,,1.5Fin,Y,NAmes
12.786518543924595,119.0,11262,7,1870,,2Story,Y,Somerst
12.43703753031683,51.0,11714,3,3309,491.0,,N,Edwards
12.350121040102636,117.0,13791,1,1044,68.0,1Story,N,Edwards
13.001392766824663,46.0,3455,3,643,1857.0,SLvl,N,NAmes
11.533502302292389,61.0,5743,7,1024,,2Story,N,CollgCr
11.986036760415375,72.0,4224,1,3909,1557.0,1.5Fin,Y,NAmes
12.991071760323123,81.0,12288,2,716,1075.0,SLvl,N,
11.288168112178615,99.0,4014,4,3126,564.0,2Story,N,
12.675288464534896,73.0,2436,7,997,,SLvl,Y,NAmes
11.974922123814046,109.0,2270,4,1563,827.0,SLvl,N,
12.8486788801964,57.0,7738,7,1056,1752.0,SLvl,Y,OldTown
11.379771144102357,88.0,8056,8,3208,1356.0,1.5Fin,N,Somerst
11.089606928642471,119.0,10182,5,3240,1388.0,SLvl,Y,NAmes
13.102905290747206,89.0,9742,6,2841,331.0,1.5Fin,N,
12.047592607541686,70.0,14130,6,2177,779.0,SLvl,Y,OldTown
12.758329997890812,117.0,2187,3,3130,203.0,SLvl,Y,OldTown
12.586578855597145,43.0,10891,1,688,1460.0,SLvl,Y,OldTown
12.037304820525245,101.0,4834,2,2320,,2Story,Y,CollgCr
12.512792346859092,84.0,13867,5,3910,,1Story,Y,Somerst
12.95494067935705,,3757,8,2277,1633.0,2Story,Y,OldTown
11.874264515035836,83.0,12844,1,3613,943.0,2Story,N,Edwards
12.339304618333054,63.0,7310,6,1832,1556.0,SLvl,Y,Edwards
13.075022262855208,95.0,12573,8,880,712.0,,N,OldTown
12.798097538663535,67.0,13093,6,1287,1521.0,,N,OldTown
12.76222816793177,93.0,12348,6,1628,734.0,,Y,Somerst
12.954734946017473,109.0,3478,9,678,1275.0,2Story,N,Somerst
12.75323694876185,71.0,13049,4,676,1359.0,1Story,N,NAmes
12.7641186305409,86.0,13814,4,1704,1181.0,SLvl,N,NAmes
11.174693681253553,66.0,11065,8,3091,,1.5Fin,Y,Edwards
12.812100261430231,85.0,12207,1,2579,403.0,1.5Fin,N,OldTown
11.774035096561096,45.0,5259,3,1799,101.0,1Story,N,Edwards
12.213385838824395,54.0,2174,2,932,,1Story,N,OldTown
12.17501532106483,81.0,8317,7,1597,1894.0,SLvl,Y,OldTown
12.701521652747802,45.0,6200,6,1342,258.0,1.5Fin,N,NAmes
11.8020365159457,41.0,13456,8,3665,,2Story,Y,Edwards
12.930279928001603,114.0,10497,9,2368,,1Story,N,Somerst
12.482434636949186,102.0,14866,8,3668,1412.0,1.5Fin,Y,Edwards
12.871879461295553,43.0,5483,4,1608,1590.0,,Y,OldTown
12.088397729028705,98.0,6378,8,3399,73.0,,Y,Somerst
12.468202267086554,41.0,9651,1,1492,1322.0,,Y,Edwards
13.108027102344169,61.0,10575,1,856,1428.0,2Story,N,NAmes
12.869237309094157,54.0,14737,6,2263,,2Story,N,NAmes
13.114649703368396,71.0,12096,4,2435,1344.0,,N,OldTown
13.06116221441997,99.0,8093,1,2849,237.0,SLvl,Y,Edwards
12.454427699178428,109.0,12014,7,3225,1950.0,1Story,N,
11.38845008545272,114.0,10448,8,684,841.0,SLvl,Y,Somerst
13.112648338867752,58.0,4535,3,2927,507.0,SLvl,N,Somerst
12.128311084063128,52.0,7241,5,2759,,,Y,Edwards
12.639642424709768,57.0,2459,9,3097,,1.5Fin,N,OldTown
12.68215153296633,97.0,11467,6,3946,1106.0,SLvl,Y,CollgCr
11.623249641256931,48.0,3447,1,875,809.0,SLvl,N,NAmes
12.329705205975449,42.0,10988,7,2606,1226.0,1Story,Y,
12.068837258723756,86.0,14982,9,3729,437.0,2Story,Y,
12.314900144250691,40.0,6945,2,1875,160.0,1.5Fin,Y,NAmes
11.403032470911104,103.0,7476,7,1573,1574.0,,N,Edwards
12.76614832769803,87.0,12350,4,2673,1354.0,2Story,Y,NAmes
13.060479463011728,96.0,10016,2,2203,604.0,2Story,N,
12.379143210209945,96.0,4479,7,2794,1435.0,2Story,Y,Edwards
12.278407260500822,83.0,3913,1,3163,1455.0,,N,
13.097650514608922,72.0,3381,4,2378,1601.0,,N,OldTown
12.90611599277796,107.0,6577,5,1640,,2Story,Y,NAmes
12.701055431674392,48.0,13951,7,1096,1212.0,2Story,N,OldTown
12.994507278363448,52.0,8701,5,2891,1288.0,SLvl,Y,NAmes
13.012276152882338,59.0,13116,8,1508,1817.0,2Story,Y,NAmes
11.499221999911736,55.0,9006,4,2653,885.0,1Story,N,Edwards
11.936806618599183,104.0,11641,7,980,853.0,SLvl,Y,CollgCr
12.694324385613694,101.0,13002,7,2568,,1.5Fin,N,OldTown
12.361078673728407,100.0,6997,3,3991,991.0,,Y,Edwards
12.974721469489896,81.0,4659,2,3249,919.0,SLvl,N,Somerst
13.025920756630706,57.0,8028,4,3029,638.0,SLvl,Y,
12.431102416812498,45.0,13908,3,3440,171.0,1Story,Y,OldTown
12.873707127320982,,2289,7,525,769.0,1Story,Y,Edwards
12.982119218781602,52.0,13477,8,1034,385.0,SLvl,N,
12.872275054292036,113.0,13849,4,3279,,1.5Fin,N,Somerst
12.983188662577318,79.0,14549,6,1093,,2Story,Y,NAmes
12.113973803855531,76.0,8468,7,1424,1211.0,SLvl,Y,
12.994536824053018,92.0,14728,2,2350,1116.0,,N,Edwards
12.740253402493744,43.0,10068,3,1047,1096.0,2Story,N,Edwards
12.984013537542952,65.0,7063,9,2659,1104.0,1.5Fin,N,CollgCr
11.561744200160076,99.0,5227,1,3839,254.0,1.5Fin,N,OldTown
12.844539222294795,75.0,7793,9,2052,1849.0,1.5Fin,Y,CollgCr
13.00940742262467,60.0,5929,6,2687,1544.0,SLvl,Y,Somerst
12.816883865921966,60.0,3538,7,1060,,1.5Fin,N,
12.67273005743012,60.0,8410,3,3327,1185.0,,Y,NAmes
12.614114431151789,84.0,12990,6,3883,1563.0,1.5Fin,N,NAmes
13.121949291682668,51.0,2285,9,3089,931.0,1Story,Y,NAmes
13.027043397551983,,6897,4,1305,5.0,,Y,CollgCr
12.750783620840624,77.0,4242,6,1969,,SLvl,N,Edwards
12.221094254105662,69.0,8242,5,3529,650.0,2Story,Y,Edwards
12.978606164554352,,6595,9,3367,1686.0,1Story,N,Somerst
12.882757563558382,53.0,14399,3,1701,1197.0,2Story,N,Somerst
49.77923991746603,70.0,6236,3,10023,1837.0,SLvl,Y,
47.45863688529425,104.0,5644,9,2904,1581.0,SLvl,Y,
13.048053538723083,78.0,8555,9,3688,1505.0,1Story,Y,CollgCr
11.256341462553678,43.0,92109,9,3137,961.0,1Story,N,
12.040944432457964,81.0,13810,4,652,,1Story,N,NAmes
13.101491058191694,49.0,6557,5,753,1320.0,1Story,Y,Somerst
12.789284975206444,68.0,5744,3,1207,1832.0,1.5Fin,Y,NAmes
11.278442868986025,109.0,3903,7,3703,1813.0,1Story,N,CollgCr
12.18008794855818,65.0,5722,3,3069,114.0,SLvl,Y,Somerst
12.276326055537847,96.0,2669,1,938,79.0,SLvl,N,NAmes
12.598709151199468,72.0,4606,2,3664,162.0,2Story,Y,
11.342149006315791,61.0,11346,2,1962,236.0,1.5Fin,N,Edwards
11.707480223431633,117.0,4808,6,1801,775.0,1.5Fin,Y,
13.040228816664309,100.0,3946,4,1730,,,N,CollgCr
12.74571019074993,98.0,10921,9,3433,1877.0,2Story,Y,CollgCr
12.867109772171885,55.0,3548,5,567,1456.0,1Story,N,Edwards
12.860395834232536,54.0,11658,6,1764,1358.0,1.5Fin,Y,Edwards
13.101060064642777,113.0,14099,3,1303,1400.0,,Y,OldTown
12.193706498942603,91.0,14782,4,2461,790.0,1Story,Y,Somerst
12.487643582976094,81.0,4591,4,2780,261.0,SLvl,Y,OldTown
12.019646677151126,85.0,7806,8,3452,727.0,2Story,Y,Edwards
11.701005410374847,47.0,2882,9,2673,862.0,,Y,Edwards
12.108823587315303,117.0,14088,7,979,556.0,1.5Fin,N,Somerst
12.001180273540848,97.0,2726,4,1582,441.0,SLvl,Y,Edwards
12.1788761508417,88.0,13101,3,1989,314.0,2Story,N,Somerst
12.022936757258323,110.0,3529,1,2063,,1Story,N,Somerst
12.647149397827512,72.0,5841,6,3295,,SLvl,Y,OldTown
12.508685201520285,46.0,11493,6,1987,65.0,1Story,N,NAmes
12.895382472858865,88.0,8102,1,2086,228.0,2Story,N,NAmes
12.874898956894608,80.0,14067,2,2033,,1.5Fin,N,
12.444116631928344,71.0,3948,3,3650,,1.5Fin,N,OldTown
12.244432411251475,95.0,12601,2,2180,767.0,,N,Edwards
12.267351171151963,76.0,118429,6,1426,,2Story,N,Edwards
12.74140159568035,65.0,10004,6,3697,1540.0,1Story,Y,
12.87542649652353,40.0,6699,2,1319,199.0,1.5Fin,N,Somerst
12.83616819897754,61.0,5748,9,2251,1166.0,1Story,Y,NAmes
12.100045240884644,73.0,9264,5,3886,324.0,1.5Fin,N,Edwards
12.979953833222652,65.0,11370,7,2357,,1Story,N,Somerst
12.878682879247322,74.0,8198,3,2257,1924.0,1.5Fin,Y,Edwards
11.95416304016652,44.0,12244,4,3838,1507.0,2Story,Y,CollgCr
12.508792334152432,85.0,13246,6,3172,1860.0,2Story,Y,Edwards
12.254148268761735,91.0,8919,9,642,696.0,1Story,N,
12.83327765362812,42.0,13834,4,2924,961.0,2Story,N,Edwards
12.795408110422144,47.0,2182,4,3842,704.0,1.5Fin,Y,NAmes
12.999786620202602,66.0,5604,9,2623,,1Story,N,Somerst
11.370647359710572,96.0,10850,8,3255,991.0,1.5Fin,N,NAmes
12.252273746680885,80.0,14718,6,3702,1638.0,SLvl,N,Edwards
12.947688510018889,43.0,11582,1,3926,298.0,2Story,Y,CollgCr
12.461826648742662,82.0,6741,6,1748,1634.0,,Y,Edwards
12.895106377448576,86.0,8132,3,1689,1784.0,1.5Fin,N,CollgCr
13.105908739332367,59.0,6790,4,771,,,N,Somerst
11.187472294831448,90.0,5824,3,2757,1127.0,,Y,NAmes
11.594026074406775,91.0,12759,4,1829,1138.0,SLvl,N,NAmes
13.026660520512449,112.0,11655,5,2005,1885.0,,N,Somerst
12.689189913921291,107.0,6796,7,3458,1900.0,SLvl,N,
11.493181835933616,112.0,10381,8,1126,1221.0,SLvl,N,
12.717515079029925,112.0,2612,6,534,608.0,1.5Fin,N,Edwards
12.555947521323452,62.0,14828,1,2851,625.0,SLvl,N,OldTown
12.173115475372065,96.0,13805,7,3162,1779.0,,Y,NAmes
12.805584742528383,46.0,9594,6,2269,,1Story,N,
12.236150730396885,48.0,9468,4,1382,1406.0,1.5Fin,Y,
12.715699551120524,97.0,4468,1,915,553.0,SLvl,Y,OldTown
12.817627376520038,97.0,12717,2,609,1435.0,,N,CollgCr
12.595970544283142,85.0,14820,7,1286,821.0,1.5Fin,Y,Edwards
11.894213993986495,61.0,7823,8,2681,1319.0,SLvl,N,
12.955569440717923,83.0,8416,5,3129,229.0,1.5Fin,N,CollgCr
12.795261105236476,41.0,6987,8,3417,1754.0,2Story,N,OldTown
11.84773918415428,112.0,5318,6,3789,,SLvl,Y,Somerst
12.69331741347515,61.0,5808,8,2830,969.0,2Story,Y,
12.553788577097167,68.0,13739,7,1866,1216.0,2Story,Y,
12.689982261794194,76.0,5075,8,1399,63.0,2Story,Y,Somerst
11.413502840645776,51.0,3089,4,1573,574.0,SLvl,N,Somerst
13.048783573437538,59.0,5709,7,3590,648.0,1.5Fin,Y,NAmes
12.044018313972412,112.0,11168,1,1489,,SLvl,Y,NAmes
11.137024013460758,53.0,3661,1,3135,,,N,CollgCr
11.809029473151403,70.0,13426,8,3911,1625.0,2Story,N,CollgCr
11.05513495108338,49.0,13924,5,1907,1789.0,,Y,NAmes
12.755436057001244,97.0,3751,9,1857,1035.0,1.5Fin,N,CollgCr
12.57271722706639,76.0,14920,6,2157,1968.0,,Y,NAmes
12.894270096364204,64.0,5796,1,2471,1487.0,2Story,N,OldTown
13.06458171055904,117.0,2935,8,2042,1143.0,SLvl,Y,CollgCr
11.11170135111932,47.0,12288,2,2037,99.0,,Y,OldTown
12.562813087323876,45.0,6615,7,1326,1130.0,1Story,N,OldTown
13.026008852461407,98.0,5198,3,1911,157.0,1Story,Y,
12.97562747339138,65.0,5760,1,1850,395.0,1Story,N,NAmes
12.517399220521224,59.0,14738,9,3973,1334.0,1Story,N,CollgCr
12.592310760632945,114.0,5701,2,3100,1481.0,1.5Fin,Y,Edwards
12.263572389999084,80.0,8905,3,2910,501.0,2Story,N,OldTown
12.661175177829229,66.0,14602,6,1862,631.0,1Story,N,Somerst
12.696999597387848,112.0,2025,6,3505,682.0,2Story,Y,Edwards
12.38252702404608,44.0,8579,5,714,616.0,2Story,N,
13.025731324310344,51.0,6258,7,3336,263.0,,Y,NAmes
12.933198458128366,65.0,11326,9,645,,1Story,Y,Somerst
11.90469048734015,41.0,7722,3,2281,987.0,2Story,Y,NAmes
11.818695460158112,101.0,14557,5,2442,640.0,1.5Fin,N,Edwards
12.019429765252658,65.0,13889,2,2753,,1Story,N,OldTown
13.053478357244073,80.0,6458,1,3159,223.0,,N,OldTown
13.04565942321852,,13029,7,901,841.0,,N,OldTown
13.078133499306222,75.0,3914,8,3826,,1.5Fin,Y,Somerst
11.734635989992556,46.0,2007,1,3028,1151.0,2Story,N,Edwards
12.67002047538054,54.0,3431,2,3351,749.0,1.5Fin,Y,Somerst
12.578428991070584,50.0,12213,7,1779,,1Story,N,OldTown
12.281073433291116,43.0,11779,4,3084,396.0,1.5Fin,Y,NAmes
12.841426504856766,55.0,12293,5,1119,8.0,SLvl,Y,CollgCr
12.00135209379274,47.0,14146,9,3186,1475.0,2Story,Y,Somerst
12.863271353313898,69.0,9365,6,928,,1.5Fin,N,OldTown
12.494962738031832,84.0,4749,6,10942,898.0,,N,CollgCr
13.114655749811122,74.0,12070,2,2435,139.0,,N,OldTown
12.011115596060591,74.0,12469,9,2222,1452.0,1Story,Y,NAmes
12.134265102282816,57.0,3823,9,1524,1649.0,1Story,N,NAmes
12.094218872005843,103.0,13897,5,3793,48.0,,Y,NAmes
11.512475363689845,82.0,3863,2,991,,1Story,Y,NAmes
11.074420502783864,77.0,10333,3,1890,1292.0,SLvl,N,OldTown
12.66510695618103,79.0,3283,4,1198,982.0,SLvl,N,NAmes
13.052404325029194,94.0,5240,5,598,1452.0,,Y,NAmes
12.428131608891452,48.0,12572,8,909,327.0,1Story,N,OldTown
12.988841127595151,105.0,6025,5,3944,1397.0,,N,
11.344968245330689,51.0,7779,1,3080,757.0,,Y,OldTown
12.385786638917049,109.0,13599,7,2159,470.0,1.5Fin,N,CollgCr
11.572740347271386,110.0,9106,4,1397,1915.0,1.5Fin,Y,CollgCr
11.131796808473668,45.0,2929,7,3703,1815.0,SLvl,N,CollgCr
12.605076927376102,54.0,5175,7,2413,1717.0,,Y,NAmes
13.07236608494862,99.0,5112,6,1017,1079.0,1Story,Y,Somerst
12.93374443362618,64.0,8581,7,3839,,,N,Somerst
12.998757421405152,109.0,4610,4,3486,1412.0,1Story,N,NAmes
12.37437979093855,44.0,12993,4,2604,,,Y,Somerst
12.672306678768038,41.0,7223,8,3840,1168.0,2Story,N,OldTown
11.728665679087374,56.0,3476,8,1253,999.0,2Story,N,CollgCr
12.92636309191196,,5699,8,3584,1022.0,,N,NAmes
12.580342880428942,111.0,8031,3,3841,1093.0,SLvl,Y,Edwards
12.221394661627958,54.0,6214,2,1706,,2Story,Y,Somerst
11.380912918314976,116.0,14278,1,1154,,,Y,
12.19759682704913,111.0,10588,7,3837,946.0,1.5Fin,Y,OldTown
12.893775030054162,63.0,7810,4,755,282.0,1.5Fin,N,OldTown
13.024024816679928,88.0,6408,5,2584,1798.0,1.5Fin,Y,Edwards
11.8044601067375,105.0,3442,8,3181,,,Y,Edwards
12.250778288914024,57.0,3627,1,1325,959.0,1.5Fin,N,CollgCr
12.79765487592934,99.0,6199,7,604,1043.0,2Story,Y,NAmes
11.741868168648775,86.0,7889,2,671,,SLvl,Y,CollgCr
11.82201916370244,67.0,10160,5,3871,1102.0,,Y,NAmes
12.042093827383937,59.0,11491,3,3760,892.0,1.5Fin,N,NAmes
12.123364722657175,43.0,8993,5,3216,83.0,SLvl,Y,CollgCr
12.289411453553278,44.0,14781,8,1122,1173.0,SLvl,N,NAmes
13.102478986765618,82.0,9742,5,3535,1629.0,1Story,Y,CollgCr
12.630545947809011,102.0,7131,2,2975,1824.0,1Story,N,CollgCr
